strategy_variant,timeframe,threshold,direction,target_pct,stop_pct,n_trades,win_rate_pct,avg_pnl_pct,avg_win_pct,avg_loss_pct,total_pnl_pct,profit_factor,expectancy_pct,sharpe_like,max_drawdown_pct,avg_bars_held,tp_rate_pct,sl_rate_pct,eod_rate_pct
baseline,15minute,1.5,above,1.0,0.5,41548.0,35.03417733705593,-0.014898593894620572,0.8511912661224774,-0.4819556479257734,-619.0067791336955,0.9524168415531501,-0.014898593894620572,-0.02248633589518216,-757.7866486806121,2.6160344661596224,26.889380956965436,61.581784923462024,11.528834119572542
baseline,15minute,1.5,above,1.5,0.5,41005.0,30.871844896963786,-0.005115643358967067,1.0614151157509968,-0.48141610478467206,-209.76695593444458,0.9846282016555413,-0.005115643358967067,-0.006592936823965768,-562.7965649516668,3.341787586879649,16.975978539202536,65.41885135959029,17.60517010120717
baseline,15minute,1.5,below,1.0,0.5,46095.0,32.96236034277037,-0.049729564253728355,0.8304643751346057,-0.4825203061412513,-2292.2842642756086,0.8462623124230753,-0.049729564253728355,-0.07702311702887857,-2337.2463783126855,3.003427703655494,24.427812127128757,63.66851068445602,11.90367718841523
baseline,15minute,1.5,below,1.5,0.5,45436.0,28.95941544150013,-0.04640809746666639,1.0202755710443048,-0.481237507909301,-2108.598316495454,0.8642537724911535,-0.04640809746666639,-0.062079783797718446,-2181.465911260234,3.6607315784840213,15.342459723567215,67.21542389294832,17.442116383484464
baseline,15minute,2.0,above,1.0,0.5,18743.0,33.9966920983834,-0.019014253593021654,0.8892343729211978,-0.4868309416658214,-356.3841550940049,0.9408253896273245,-0.019014253593021654,-0.028306611144955997,-408.37714929862653,2.0532465453769406,28.074481139625462,63.5330523395401,8.392466520834445
baseline,15minute,2.0,above,1.5,0.5,18542.0,29.764858159853308,0.0051094958283336555,1.16388603221591,-0.4859668847539464,94.74027164896265,1.014969831396146,0.0051094958283336555,0.006345548313104413,-194.1395054976507,2.5998813504476326,19.453133426814798,67.44687735950814,13.099989213677057
baseline,15minute,2.0,below,1.0,0.5,19144.0,32.36000835770999,-0.049010415430091235,0.867697827305099,-0.48757768423420766,-938.2553929936666,0.8513924007701307,-0.049010415430091235,-0.07470588839154085,-1020.7236799660149,2.410468031759298,25.58503969912244,65.2475971583786,9.167363142498955
baseline,15minute,2.0,below,1.5,0.5,18890.0,28.014822657490733,-0.043278428051733174,1.0963678143308273,-0.48680011614472546,-817.5295058972397,0.8764969377710082,-0.043278428051733174,-0.05638399278092491,-928.0680767256271,2.979565907887771,16.707252514557965,69.24827951296983,14.044467972472209
baseline,15minute,3.0,above,1.0,0.5,4488.0,31.75133689839572,-0.0331895822027534,0.9511209905027371,-0.49112055383361336,-148.95484492595725,0.9009807741143836,-0.0331895822027534,-0.04874181168653072,-167.62245004860893,1.4681372549019607,29.144385026737968,66.82263814616756,4.032976827094474
baseline,15minute,3.0,above,1.5,0.5,4454.0,27.88504714863044,0.014264725090923998,1.31972411678923,-0.4905237445508244,63.53508555497549,1.0403253409056945,0.014264725090923998,0.01698996256327206,-39.103268339306865,1.7725639874270318,22.317018410417603,70.45352492141895,7.229456668163449
baseline,15minute,3.0,below,1.0,0.5,3703.0,30.380772346745882,-0.06284731874996811,0.9220813261969575,-0.4926552029878623,-232.72362133113194,0.8167624487173326,-0.06284731874996811,-0.09467328292857947,-248.14650331917443,1.7188765865514448,26.519038617337294,68.21496084256009,5.2660005401026195
baseline,15minute,3.0,below,1.5,0.5,3647.0,25.911708253358924,-0.04288835507995222,1.2422787443591667,-0.49236389503922956,-156.41383097658576,0.8824280801895423,-0.04288835507995222,-0.05381962661124756,-193.3283441578813,2.0457910611461476,18.864820400329037,72.552783109405,8.582396490265971
baseline,15minute,4.0,above,1.0,0.5,1335.0,29.363295880149813,-0.061531792876385764,0.9725899859886038,-0.4914106235392446,-82.14494348997499,0.8227343443105226,-0.061531792876385764,-0.09139193183420145,-87.49705577576766,1.256179775280899,28.164794007490634,69.13857677902622,2.696629213483146
baseline,15minute,4.0,above,1.5,0.5,1329.0,26.410835214446955,0.005055461673778513,1.3868266005553158,-0.49085626608431926,6.718708564451644,1.013995635041452,0.005055461673778513,0.005970081880436788,-33.13119498206302,1.4604966139954854,23.175319789315274,71.93378480060196,4.890895410082769
baseline,15minute,4.0,below,1.0,0.5,1048.0,26.431297709923662,-0.1058802750755265,0.9788148603421175,-0.49558267781312365,-110.96252827915177,0.7095938244317697,-0.1058802750755265,-0.16183893450337697,-119.10734841309343,1.4971374045801527,25.190839694656486,72.80534351145039,2.0038167938931295
baseline,15minute,4.0,below,1.5,0.5,1035.0,22.801932367149757,-0.06603231801824079,1.385737315861862,-0.49484037007794573,-68.34344914887922,0.8271437883851658,-0.06603231801824079,-0.0821995568619387,-84.1525158937349,1.718840579710145,19.516908212560384,76.23188405797102,4.251207729468599
baseline,1minute,1.5,above,1.0,0.5,100266.0,36.33235593321764,0.006611972872127494,0.8644469011333925,-0.4829171184327524,662.9560719967353,1.0215050116833595,0.006611972872127494,0.0098211201099001,-517.9274778170463,28.695579757844136,28.691680130851932,60.492091037839344,10.816228831308718
baseline,1minute,1.5,above,1.5,0.5,97106.0,31.077379358639014,0.007700057297862307,1.0945545287619587,-0.48236530009879525,747.7217639662172,1.0231609365171952,0.007700057297862307,0.009742889409294712,-527.3185632808885,40.76587440528907,18.165715815706548,65.36465305954317,16.469631124750272
baseline,1minute,1.5,below,1.0,0.5,97815.0,35.6775545672954,-0.014274539581687704,0.82237823851079,-0.47833844361193845,-1396.2640891827828,0.9536057374518424,-0.014274539581687704,-0.021783704858465824,-1647.3286632815039,35.334785053417164,26.181056075244086,60.35066196391147,13.468281960844452
baseline,1minute,1.5,below,1.5,0.5,94967.0,30.890730464266536,-0.0166484870687139,1.0149873382170307,-0.47777308627614035,-1581.0568714545527,0.949578380714002,-0.0166484870687139,-0.02185174602524194,-2032.1709993155353,46.626543957374665,16.532058504533154,64.73406551749555,18.733875977971294
baseline,1minute,2.0,above,1.0,0.5,50046.0,36.34656116372937,0.01620918661910642,0.8973119834487399,-0.4869067059703911,811.2049535397998,1.0522990253442277,0.01620918661910642,0.023655250704064986,-253.2885922419997,20.105922551252846,30.432002557646964,61.20369260280542,8.364304839547616
baseline,1minute,2.0,above,1.5,0.5,48476.0,30.443931017410677,0.01871187232873836,1.1721454315597564,-0.48613338738807066,907.0767230079208,1.0553384214901413,0.01871187232873836,0.023005122328051266,-282.75894122850684,29.721305388233354,20.020216189454576,66.73611684132355,13.243666969221882
baseline,1minute,2.0,below,1.0,0.5,45138.0,36.317515175683454,0.0030967321854873573,0.8548941263112578,-0.4826752170892998,139.78029738852834,1.010074619359417,0.0030967321854873573,0.00462012948322603,-302.21212761778685,26.61130311489211,28.28437236917896,60.55651557446055,11.159112056360494
baseline,1minute,2.0,below,1.5,0.5,43718.0,30.87057962395352,0.0003052554443544151,1.0802912778905156,-0.4819755783500136,13.34515751628632,1.0009161687409411,0.0003052554443544151,0.00038826393597526064,-444.2892111682736,36.383571984079786,18.248776247769797,65.60455647559358,16.146667276636624
baseline,1minute,3.0,above,1.0,0.5,14325.0,35.909249563699824,0.023504583804334112,0.9448576678907753,-0.4927180787096245,336.70316299708617,1.0744318324643407,0.023504583804334112,0.03356549370752377,-50.13660177561903,10.778568935427574,32.64921465968587,62.75043630017451,4.600349040139616
baseline,1minute,3.0,above,1.5,0.5,13877.0,29.624558622180587,0.040470873954343456,1.3059958696960272,-0.49225217104812036,561.6143178644242,1.1168244677404113,0.040470873954343456,0.04749145384326993,-43.76548761984469,16.193341500324276,23.40563522375153,68.81170281761187,7.782661958636592
baseline,1minute,3.0,below,1.0,0.5,10463.0,36.27066806843162,0.0148322696353764,0.8985443247125808,-0.48812022721795156,155.19003719494327,1.047680570300742,0.0148322696353764,0.02162548791225902,-78.14474812605746,15.721016916754277,30.478830163433052,61.59801204243524,7.923157794131702
baseline,1minute,3.0,below,1.5,0.5,10105.0,30.38099950519545,0.02449247796887205,1.1977938323913269,-0.48752389133843943,247.49648987545208,1.0721620793302733,0.02449247796887205,0.029736012107396667,-82.22246994115375,21.90232558139535,21.11825828797625,67.22414646214744,11.657595249876298
baseline,1minute,4.0,above,1.0,0.5,4805.0,36.25390218522372,0.036537402875209644,0.9687784165064945,-0.4936499447401017,175.56222081538235,1.1161087571664376,0.036537402875209644,0.051500489476288096,-47.80650317370278,7.079916753381894,34.33922996878252,62.58064516129033,3.0801248699271593
baseline,1minute,4.0,above,1.5,0.5,4641.0,29.239388062917477,0.05720127969487387,1.386893623714515,-0.4922483277456417,265.4711390639096,1.1642214624587157,0.05720127969487387,0.06545648681487945,-33.33956982871612,10.617539323421676,25.46864899806076,69.1661279896574,5.365223012281835
baseline,1minute,4.0,below,1.0,0.5,3177.0,38.11772112055398,0.051975973173959696,0.9373995804918658,-0.4934197483224718,165.12766677366994,1.1702236127333745,0.051975973173959696,0.07347606019316683,-38.47050774619005,10.403210576015109,34.34057286748505,60.68618193264086,4.9732451998740945
baseline,1minute,4.0,below,1.5,0.5,3057.0,31.23977755969905,0.07012464211796834,1.3109016570469112,-0.49359659920322113,214.37103095462925,1.2066147043090112,0.07012464211796834,0.0806296076745051,-40.27311629218369,14.855740922473013,25.286228328426564,67.45175008177952,7.262021589793916
baseline,5minute,1.5,above,1.0,0.5,65267.0,36.11013222608669,0.0013363048363561122,0.8577548881732403,-0.48270583459345484,87.21660775445437,1.0043330230828103,0.0013363048363561122,0.001994993635644441,-331.0489483542752,6.5375917385508755,28.112215974382153,60.65699358021664,11.230790445401198
baseline,5minute,1.5,above,1.5,0.5,63765.0,31.228730494785538,0.004099970899079525,1.0748190158099122,-0.48210883009766897,261.4346443798059,1.012365983049482,0.004099970899079525,0.005231628116154758,-396.42580017603154,8.91156590606132,17.559789853367835,65.18152591547087,17.258684231161293
baseline,5minute,1.5,below,1.0,0.5,67667.0,34.75992729099857,-0.02754777942707441,0.8202565733480639,-0.4792581536767013,-1864.075590491844,0.9118945750409175,-0.02754777942707441,-0.042350753864958166,-1976.4385774619366,7.820547682031123,25.366870113940326,61.36078147398288,13.272348412076788
baseline,5minute,1.5,below,1.5,0.5,66122.0,30.29097728441366,-0.02856601085901534,1.0070170152936337,-0.47856259235319903,-1888.8417700198124,0.9143708063274791,-0.02856601085901534,-0.03788751351228076,-2039.0780805664306,9.979068993678352,15.934182269138864,65.42905538247481,18.636762348386316
baseline,5minute,2.0,above,1.0,0.5,30894.0,35.31753738590018,-0.0005215957050497348,0.8901159735971956,-0.48682227721717497,-16.114177711806505,0.9983435550127809,-0.0005215957050497348,-0.0007691781773596495,-329.4894043215539,4.7370039489868585,29.164239010811162,62.12533177963358,8.710429209555254
baseline,5minute,2.0,above,1.5,0.5,30256.0,29.980830248545743,0.006207510333941584,1.1557982165609644,-0.4860246018296329,187.81443266373657,1.0182407311040458,0.006207510333941584,0.007723463235059291,-262.4176859462114,6.5671932839767315,19.268905341089372,67.12387625594923,13.607218402961397
baseline,5minute,2.0,below,1.0,0.5,29845.0,34.61886413134528,-0.020962942631013733,0.8541343788433527,-0.48432098729217066,-625.6390228226048,0.9337987033899144,-0.020962942631013733,-0.03163580069869369,-672.2925997081657,6.0314625565421345,26.862120958284468,62.456022784385986,10.681856257329535
baseline,5minute,2.0,below,1.5,0.5,29218.0,29.646108563214458,-0.021039580603533767,1.0765016891399741,-0.4835275392782889,-614.7344660740496,0.9381517038416688,-0.021039580603533767,-0.0271404889807747,-699.5512246554875,7.901327948524882,17.37969744677938,67.0477103155589,15.572592237661715
baseline,5minute,3.0,above,1.0,0.5,7900.0,34.11392405063291,-0.002086588712913865,0.9433327683622439,-0.4915976679285815,-16.484050832019534,0.9935578119594278,-0.002086588712913865,-0.0030192134490976985,-108.35417683743489,2.8651898734177217,30.911392405063292,64.43037974683544,4.658227848101266
baseline,5minute,3.0,above,1.5,0.5,7771.0,28.657830395058554,0.021558433912720606,1.2972041664581675,-0.4908627504990238,167.53058993575183,1.0615617305393428,0.021558433912720606,0.025668203750419012,-66.17039711755277,3.949298674559259,22.313730536610475,69.59207309226612,8.094196371123408
baseline,5minute,3.0,below,1.0,0.5,6324.0,34.440227703984824,-0.009299253860977758,0.905881998630781,-0.4900674082090362,-58.80848141682335,0.9710562467990981,-0.009299253860977758,-0.013663550261383686,-146.72694120533873,3.87033523086654,29.44339025932954,63.725490196078425,6.83111954459203
baseline,5minute,3.0,below,1.5,0.5,6149.0,28.833956740933488,0.00037394481817785383,1.2101774247570667,-0.489795518146093,2.299386686975623,1.0010728027853308,0.00037394481817785383,0.00045875209492417913,-124.1356139239045,5.129126687266222,20.377297121483167,69.11692958204586,10.505773296470972
baseline,5minute,4.0,above,1.0,0.5,2486.0,34.15124698310539,0.006867571373481695,0.970121101776581,-0.49270618996569443,17.072782434475492,1.0211674044541073,0.006867571373481695,0.009808651085181695,-37.36045356160792,2.0567176186645213,32.50201126307321,64.52131938857603,2.9766693483507645
baseline,5minute,4.0,above,1.5,0.5,2453.0,28.74031797798614,0.04856046058688078,1.3853839527319596,-0.4906046206272386,119.11880981961855,1.138901611079193,0.04856046058688078,0.05591222516115139,-23.6691617233203,2.708520179372197,25.1528740317978,69.50672645739911,5.340399510803098
baseline,5minute,4.0,below,1.0,0.5,1792.0,31.25,-0.042875681441129916,0.9474627195053391,-0.4930295000531612,-76.83322114250481,0.8735073103252242,-0.042875681441129916,-0.06331472804118118,-93.84484663991428,2.8236607142857144,28.627232142857146,67.52232142857143,3.850446428571429
baseline,5minute,4.0,below,1.5,0.5,1750.0,24.857142857142858,-0.03993957077149383,1.3294282903764154,-0.49292437655046,-69.8942488501142,0.8921710457695967,-0.03993957077149383,-0.049087411283537684,-98.38858231361043,3.665142857142857,20.457142857142856,73.77142857142857,5.771428571428571
nifty_filtered,15minute,1.5,above,1.0,0.5,33429.0,34.987585629244066,-0.014375013932157385,0.8546144202556293,-0.482037114068372,-480.54234073808925,0.954129708310324,-0.014375013932157385,-0.021665307246361683,-670.0002700702228,2.5593646235304677,27.021448442968683,61.64109007149481,11.33746148553651
nifty_filtered,15minute,1.5,above,1.5,0.5,33030.0,30.884044807750534,-0.0020900949967809185,1.0705615278566634,-0.48139795800996515,-69.03583774367374,0.9937182092242804,-0.0020900949967809185,-0.0026829019163630277,-463.63049207589705,3.2594913714804723,17.172267635482893,65.4072055706933,17.420526793823797
nifty_filtered,15minute,1.5,below,1.0,0.5,31869.0,32.49239072452853,-0.05474177448984283,0.8329148617191514,-0.4819837782057551,-1744.5656112168012,0.8317582715748298,-0.05474177448984283,-0.08500982829438136,-1761.825779406925,3.0274561486083655,24.23671906868744,64.00891148137688,11.754369449935673
nifty_filtered,15minute,1.5,below,1.5,0.5,31495.0,28.62359104619781,-0.04959919229377298,1.0253071030506955,-0.4806614811074022,-1562.1265612923798,0.8554291982046174,-0.04959919229377298,-0.06647235363610435,-1582.9424709269153,3.66737577393237,15.208763295761232,67.42022543260835,17.37101127163042
nifty_filtered,15minute,2.0,above,1.0,0.5,15063.0,33.851158467768705,-0.01892775725515593,0.8953338462971282,-0.48679406762379274,-285.1088075344138,0.9412197217195925,-0.01892775725515593,-0.028121564254207216,-330.69945938884575,2.001659695943703,28.26130252937662,63.69249153555069,8.046205935072695
nifty_filtered,15minute,2.0,above,1.5,0.5,14905.0,29.65447836296545,0.0070122753291177245,1.1765546232410673,-0.4860136834473074,104.51796378049968,1.0205103942600446,0.0070122753291177245,0.00867366461436703,-135.4907451835595,2.5347869842334787,19.664542099966454,67.60147601476014,12.7339818852734
nifty_filtered,15minute,2.0,below,1.0,0.5,12884.0,31.302390561937287,-0.06286202641858513,0.8691006039281761,-0.4875152055156915,-809.9143483770507,0.8123024575435813,-0.06286202641858513,-0.09655685172867788,-854.5030013515054,2.4463675877056814,25.03880782365725,66.24495498292455,8.716237193418193
nifty_filtered,15minute,2.0,below,1.5,0.5,12750.0,27.176470588235297,-0.05435438441991277,1.1047508031804152,-0.48691221694927583,-693.0184013538878,0.846710577924774,-0.05435438441991277,-0.07114984261987332,-762.5156632275863,2.9984313725490197,16.564705882352943,70.0549019607843,13.380392156862744
nifty_filtered,15minute,3.0,above,1.0,0.5,3677.0,31.54745716616807,-0.034694470663996044,0.9564524403601289,-0.4914804924311733,-127.57156863151346,0.8968748969826207,-0.034694470663996044,-0.05090363599120572,-138.73917375416463,1.438128909437041,29.208593962469404,67.09273864563502,3.6986673918955675
nifty_filtered,15minute,3.0,above,1.5,0.5,3656.0,27.707877461706783,0.01457746573041958,1.333097531013227,-0.49078039508361143,53.29521471041399,1.04108694466498,0.01457746573041958,0.017308824673365492,-40.63600026304759,1.737964989059081,22.592997811816193,70.70568927789934,6.701312910284464
nifty_filtered,15minute,3.0,below,1.0,0.5,2554.0,29.56147220046985,-0.0732537382603155,0.9275015909767036,-0.49324833168663534,-187.0900475168458,0.7891595682217596,-0.0732537382603155,-0.11090053816624813,-200.35735760964153,1.7623335943617855,26.15505090054816,69.10728269381362,4.7376664056382145
nifty_filtered,15minute,3.0,below,1.5,0.5,2517.0,24.71195868096941,-0.06177228901631279,1.2510852545715223,-0.4926943956715284,-155.4808514540593,0.8334709234758166,-0.06177228901631279,-0.07847530778235115,-175.60925226898328,2.11005164878824,18.19626539531188,73.7783075089392,8.025427095748908
nifty_filtered,15minute,4.0,above,1.0,0.5,1138.0,29.173989455184536,-0.0637662715227879,0.9741018766379553,-0.4912752357775853,-72.56601699293263,0.8167375992297742,-0.0637662715227879,-0.09482136095108008,-75.63795914506971,1.2548330404217927,28.031634446397184,69.33216168717048,2.6362038664323375
nifty_filtered,15minute,4.0,above,1.5,0.5,1133.0,26.21359223300971,0.0008415110979223401,1.384102634153658,-0.4905802036718785,0.9534320739460114,1.0023247350370796,0.0008415110979223401,0.000997323072629719,-28.48239894630136,1.442188879082083,22.859664607237423,72.10944395410415,5.030891438658429
nifty_filtered,15minute,4.0,below,1.0,0.5,740.0,26.216216216216214,-0.10827927345930331,0.9804826578555236,-0.4951287508861833,-80.12666235988445,0.7036081451509333,-0.10827927345930331,-0.16574348801200423,-81.79246768019873,1.518918918918919,25.135135135135133,72.97297297297297,1.891891891891892
nifty_filtered,15minute,4.0,below,1.5,0.5,732.0,22.131147540983605,-0.0764677917562641,1.3928955896088335,-0.49407633172318666,-55.97442356558532,0.8012437819981699,-0.0764677917562641,-0.09591528008578906,-64.24748775264038,1.7663934426229508,19.12568306010929,76.775956284153,4.098360655737705
nifty_filtered,1minute,1.5,above,1.0,0.5,88654.0,36.47663951993142,0.00749000062378147,0.860300388556135,-0.48221420999054565,664.0185153007225,1.0244516620609965,0.00749000062378147,0.011142657861446793,-374.06255302112993,29.0448146727728,28.568366909558506,60.21160917725089,11.220023913190607
nifty_filtered,1minute,1.5,above,1.5,0.5,86105.0,31.28970443063701,0.00888955026511979,1.0860781819890488,-0.48164703705983153,765.4347255781395,1.026861426975528,0.00888955026511979,0.011273086650348386,-465.4420415192287,41.122106730155046,18.023343592125894,65.0043551477847,16.972301260089427
nifty_filtered,1minute,1.5,below,1.0,0.5,81466.0,35.692190607124445,-0.016114654845765092,0.8151592866612454,-0.4774892257900347,-1312.796471665099,0.9475200133836477,-0.016114654845765092,-0.024692229537533993,-1582.4835586161246,36.17113888002357,25.829180271524315,60.1711143299045,13.999705398571184
nifty_filtered,1minute,1.5,below,1.5,0.5,79324.0,30.99440270283899,-0.019269248431457775,0.9997702717074797,-0.4769788038068079,-1528.5138625769566,0.9414561369128439,-0.019269248431457775,-0.025460035759764098,-1951.779686317944,47.27304472795119,16.196863496545813,64.46598759517926,19.337148908274923
nifty_filtered,1minute,2.0,above,1.0,0.5,44046.0,36.45279934613813,0.016940866444032823,0.8945835793126004,-0.48650434248121616,746.1774033938697,1.054796456310457,0.016940866444032823,0.02474327919019926,-204.74580216331503,20.172569586341552,30.36371066612178,61.04300049947782,8.593288834400399
nifty_filtered,1minute,2.0,above,1.5,0.5,42803.0,30.584304838445902,0.019464103137627524,1.165993106541376,-0.4856924391199947,833.1220065998709,1.057731837055099,0.019464103137627524,0.02395986700005035,-228.2999599159997,29.75660584538467,19.954208817138984,66.53505595402191,13.5107352288391
nifty_filtered,1minute,2.0,below,1.0,0.5,36992.0,36.09158737024221,-0.0006687188770876149,0.8518933374445578,-0.4821439531713344,-24.73724870122505,0.9978297546820221,-0.0006687188770876149,-0.0010008582069254473,-333.82768330108956,27.37743295847751,27.960099480968857,60.69420415224913,11.345696366782008
nifty_filtered,1minute,2.0,below,1.5,0.5,35917.0,30.648439457638442,-0.005991341506261539,1.0697876075286727,-0.4814088480692129,-215.19101288039568,0.9820545741404956,-0.005991341506261539,-0.007675636320906791,-508.11600152626335,37.08388785254893,17.849486315672245,65.72096778684188,16.42954589748587
nifty_filtered,1minute,3.0,above,1.0,0.5,12566.0,35.92233009708738,0.02260642314607798,0.9421348975249241,-0.4928868124905479,284.0723132536159,1.071577733622303,0.02260642314607798,0.03231861387858128,-39.95738019192302,10.727279961801687,32.48448193538119,62.780518860417004,4.734999204201815
nifty_filtered,1minute,3.0,above,1.5,0.5,12231.0,29.67868530782438,0.040290566291381114,1.3027851817982001,-0.49253764604320255,492.79391630988243,1.116326044174823,0.040290566291381114,0.04730264080040044,-41.08927462824613,15.986754966887418,23.31779903523833,68.84964434633308,7.832556618428583
nifty_filtered,1minute,3.0,below,1.0,0.5,8428.0,35.67869008068343,0.006164727795271087,0.8966153861145449,-0.48776353812726303,51.95632585854472,1.019649418041051,0.006164727795271087,0.009033245965743222,-81.09442622226817,16.631822496440435,29.852871381110585,62.12624584717608,8.020882771713337
nifty_filtered,1minute,3.0,below,1.5,0.5,8150.0,29.65644171779141,0.009237985468051834,1.1864262559644354,-0.48705785436968746,75.28958156462245,1.0269632594374944,0.009237985468051834,0.011353677990497902,-86.68396041203914,22.922453987730062,20.33128834355828,67.85276073619632,11.815950920245399
nifty_filtered,1minute,4.0,above,1.0,0.5,4174.0,36.39195016770484,0.03870925716956344,0.9692175470980507,-0.49366064580647134,161.57243942575778,1.123274783811894,0.03870925716956344,0.05450891347432546,-31.292177030497015,7.08552946813608,34.47532343076186,62.458073790129376,3.0666027791087687
nifty_filtered,1minute,4.0,above,1.5,0.5,4054.0,29.205722742969908,0.05658911973234126,1.3875949699428478,-0.4925087641175681,229.41229139491145,1.1623008606721275,0.05658911973234126,0.06476847820592051,-25.745956211533326,10.47927972372965,25.407005426739023,69.2895905278737,5.303404045387272
nifty_filtered,1minute,4.0,below,1.0,0.5,2577.0,36.825766395032986,0.03162269928996903,0.9317663586585442,-0.4930924928112459,81.4916960702502,1.1015150810390393,0.03162269928996903,0.04513004022024372,-30.679734630764557,10.937136204889406,32.9452852153667,61.893674815677144,5.161039968956151
nifty_filtered,1minute,4.0,below,1.5,0.5,2484.0,30.07246376811594,0.04378244684003395,1.2930291869300123,-0.49345837920902413,108.75559795064433,1.126882367672368,0.04378244684003395,0.051231529859837484,-33.179884982458546,15.561191626409018,23.792270531400966,68.59903381642512,7.608695652173914
nifty_filtered,5minute,1.5,above,1.0,0.5,54291.0,36.12385109870881,0.0014239819654197213,0.8568986895652287,-0.4823722626047079,77.30940488460209,1.0046215051083098,0.0014239819654197213,0.0021270547316903942,-413.80117620044047,6.585529829990238,28.052531727173935,60.56804995303089,11.379418319795178
nifty_filtered,5minute,1.5,above,1.5,0.5,53153.0,31.260700242695616,0.003302470388825951,1.0697607109258949,-0.48169274336063184,175.53620857726577,1.0099738704935604,0.003302470388825951,0.004224791441762842,-528.0537204312815,8.957500047034033,17.366846650236113,65.0518315052772,17.58132184448667
nifty_filtered,5minute,1.5,below,1.0,0.5,50729.0,34.07124130181947,-0.03631014306660021,0.8198037149634503,-0.4787401601750288,-1841.977247625562,0.8849588537289697,-0.03631014306660021,-0.05612471227122379,-1885.9966583277837,8.0104476729287,24.86546157030495,61.91133276823907,13.223205661455973
nifty_filtered,5minute,1.5,below,1.5,0.5,49733.0,29.797116602658196,-0.03556230484121166,1.006541162078585,-0.4778757400329532,-1768.6201066679796,0.8939965581103767,-0.03556230484121166,-0.047430760096729946,-1907.5697053242716,10.088693623951903,15.675708282227093,65.74910019504152,18.575191522731384
nifty_filtered,5minute,2.0,above,1.0,0.5,25600.0,35.140625,-0.0027028217107843634,0.8921107860888858,-0.48751029074028523,-69.1922357960797,0.9914520720699472,-0.0027028217107843634,-0.00398472026814552,-320.9439796844597,4.7520703125,29.16796875,62.42578125,8.40625
nifty_filtered,5minute,2.0,above,1.5,0.5,25111.0,29.731989964557364,0.0024354612967180376,1.1581184999203065,-0.48656026363180044,61.15686862188664,1.0071233935643082,0.0024354612967180376,0.003034221336625553,-325.03001207544696,6.616024849667476,19.18282824260284,67.47640476285294,13.340766994544223
nifty_filtered,5minute,2.0,below,1.0,0.5,21854.0,33.83819895671273,-0.031311351510630636,0.8543456870960014,-0.48427724130218225,-684.278275913322,0.9022761800276291,-0.031311351510630636,-0.047518508111964244,-690.6330288922793,6.181294042280589,26.30639699826119,63.19666880204997,10.496934199688845
nifty_filtered,5minute,2.0,below,1.5,0.5,21453.0,29.077518295809448,-0.03024881171644691,1.0752408242466887,-0.4834886637794137,-648.9277577529356,0.9117858814453436,-0.03024881171644691,-0.039277327411681134,-662.6990365594909,8.005826690905701,17.074535030065725,67.57563044795599,15.349834521978279
nifty_filtered,5minute,3.0,above,1.0,0.5,6532.0,33.634415186772806,-0.007813063644093354,0.9475936819604165,-0.4920180509781436,-51.03493172321778,0.97607249586354,-0.007813063644093354,-0.011321348198681453,-130.73082771519483,2.7790875688916103,30.633802816901408,64.94182486221678,4.424372320881813
nifty_filtered,5minute,3.0,above,1.5,0.5,6441.0,28.303058531283966,0.018302523393498433,1.3093856278690212,-0.4913649732411655,117.88655317752341,1.0519524635661022,0.018302523393498433,0.021784755364648786,-68.0028319521705,3.8684986803291412,22.29467473994721,70.00465766185376,7.700667598199037
nifty_filtered,5minute,3.0,below,1.0,0.5,4630.0,33.69330453563715,-0.02044128015620695,0.903770887797746,-0.4900735218526781,-94.64312712323817,0.9370943770765414,-0.02044128015620695,-0.030225748622850972,-135.5557217707008,3.9982721382289417,28.747300215982722,64.53563714902808,6.717062634989201
nifty_filtered,5minute,3.0,below,1.5,0.5,4507.0,27.82338584424229,-0.016899174981673974,1.2092816155973503,-0.48957999618858955,-76.1645816424046,0.9521760621789381,-0.016899174981673974,-0.020965929914989207,-142.07955149093073,5.293987131129354,19.791435544708232,70.13534501885955,10.073219436432217
nifty_filtered,5minute,4.0,above,1.0,0.5,2109.0,33.997155049786635,0.00455253035059865,0.9713840867410225,-0.49344906873843436,9.601286509412553,1.0139780909067357,0.00455253035059865,0.006502916644429377,-37.648568967966426,2.0327169274537695,32.432432432432435,64.77003319108582,2.797534376481745
nifty_filtered,5minute,4.0,above,1.5,0.5,2080.0,28.26923076923077,0.04040138372230968,1.3884912001851633,-0.4908833428729704,84.03487814240414,1.1147393687019818,0.04040138372230968,0.046702590964040454,-26.16916172332067,2.6759615384615385,24.759615384615387,70.0,5.240384615384616
nifty_filtered,5minute,4.0,below,1.0,0.5,1352.0,30.695266272189347,-0.05082597734533609,0.9435875812445266,-0.4912546078840693,-68.71672137089439,0.8507149897598166,-0.05082597734533609,-0.07563816875474864,-83.6752587974167,2.905325443786982,27.884615384615387,67.75147928994083,4.363905325443787
nifty_filtered,5minute,4.0,below,1.5,0.5,1321.0,24.451173353520062,-0.04892483532482771,1.3178819198863017,-0.4912881438751232,-64.62970746409741,0.8681848387279829,-0.04892483532482771,-0.06077068476276245,-90.10431443712855,3.7956093868281604,19.909159727479185,73.88342165026495,6.207418622255867
