strategy_variant,timeframe,nifty_regime_at_signal,target_pct,stop_pct,n_trades,win_rate_pct,avg_pnl_pct,avg_win_pct,avg_loss_pct,total_pnl_pct,profit_factor,expectancy_pct,sharpe_like,max_drawdown_pct,avg_bars_held,tp_rate_pct,sl_rate_pct,eod_rate_pct
baseline,15minute,neutral,1.0,0.5,88286.0,33.369956731531616,-0.03700054192356795,0.8541193874194716,-0.4832952166090807,-3266.62984426412,0.8850985543388267,-0.03700054192356795,-0.05640257378488623,-3440.2633337177817,2.5073058015993475,25.839884013320347,63.442674942799535,10.717441043880118
baseline,15minute,neutral,1.5,0.5,87097.0,29.407442277001504,-0.02463615996257948,1.0742275692001915,-0.48240072789970223,-2145.735624260785,0.9276553960843533,-0.02463615996257948,-0.03199100017130325,-2458.5778156564797,3.090221247574543,16.735364019426616,67.04134470762483,16.22329127294855
baseline,15minute,strong_down,1.0,0.5,30096.0,33.58585858585859,-0.031908985140087616,0.868361794172431,-0.48717899901295825,-960.3328167760768,0.9013802560926939,-0.031908985140087616,-0.0481571212669602,-1082.9721019507208,2.596690590111643,26.57828282828283,64.02179691653376,9.399920255183412
baseline,15minute,strong_down,1.5,0.5,29713.0,29.132029751287313,-0.02198573393465908,1.1073410353066477,-0.48622339906040113,-653.2621124005252,0.9361949403915221,-0.02198573393465908,-0.02814504218662023,-791.3198795143053,3.2626123245717364,17.712785649379057,68.11496651297412,14.17224783764682
baseline,15minute,strong_up,1.0,0.5,17722.0,33.67001467103036,-0.031246691597054208,0.8637621679040108,-0.48556552312770973,-553.7538684829947,0.902983344924315,-0.031246691597054208,-0.04724618950609787,-555.0722161808546,2.7341157882857465,26.57713576345785,63.56506037693263,9.857803859609525
baseline,15minute,strong_up,1.5,0.5,17528.0,29.28457325422182,-0.022630092196651262,1.093752499045836,-0.4849448837132054,-396.66025602290335,0.9340097498005254,-0.022630092196651262,-0.029113694176522507,-447.9801769455862,3.4707325422181654,17.38931994523049,67.61182108626198,14.99885896850753
baseline,1minute,neutral,1.0,0.5,235042.0,36.1969350158695,0.003571879693934159,0.8608019196261449,-0.482754287501877,839.5417470216726,1.0115965589831855,0.003571879693934159,0.005318546418476021,-751.2228230590086,27.502578262608385,28.46044536721097,60.63980054628535,10.89975408650369
baseline,1minute,neutral,1.5,0.5,227482.0,30.855628137610886,0.0038359415980378404,1.0928973692563013,-0.48215696752429693,872.607666604844,1.0115060618381235,0.0038359415980378404,0.004858656999795759,-739.2831438695221,38.101181631953295,18.336835441925075,65.6038719547041,16.059292603370817
baseline,1minute,strong_down,1.0,0.5,53365.0,36.032980417876885,0.0013790536144961945,0.86100462595648,-0.4828528461559516,73.59319613758942,1.0044648846060589,0.0013790536144961945,0.00205494854431338,-712.3557209985161,27.751672444486086,28.398763234329614,60.80951934788719,10.791717417783191
baseline,1minute,strong_down,1.5,0.5,51996.0,30.838910685437344,0.006255928313772651,1.1021180025277855,-0.4823886688893555,325.28324860292275,1.0187513629776255,0.006255928313772651,0.007885982016628846,-776.5981082186627,37.838756827448265,18.693745672744058,65.65312716362797,15.653127163627973
baseline,1minute,strong_up,1.0,0.5,37628.0,35.86425002657595,0.0036442377581614926,0.8764904853253039,-0.48444510508850425,137.12537836410064,1.0117290261334648,0.0036442377581614926,0.00539148459290263,-414.5105143657453,26.086903369830978,29.05283299670458,61.22568300201977,9.721484001275646
baseline,1minute,strong_up,1.5,0.5,36469.0,30.258575776687046,0.004884938868258511,1.1310692240962885,-0.48373044162601336,178.14883558651965,1.01447987798532,0.004884938868258511,0.0061187524736458524,-447.4012428349811,36.302393813924155,18.994214264169567,66.41531163453892,14.590474101291509
baseline,5minute,neutral,1.0,0.5,147476.0,34.80430714150099,-0.016809653996672988,0.8562483127299639,-0.48288611233324596,-2479.0205328133457,0.9466056684748049,-0.016809653996672988,-0.025327799409832832,-2622.1124718325163,6.4704765521169545,27.091865795112426,61.959912121294316,10.948222083593262
baseline,5minute,neutral,1.5,0.5,143974.0,29.99083167794185,-0.014307227220425803,1.0777694841360934,-0.4821357933165927,-2059.8687318335847,0.957613146218143,-0.014307227220425803,-0.018424121171928046,-2408.1695024169735,8.500090294080875,17.2961784766694,66.38629196938336,16.317529553947242
baseline,5minute,strong_down,1.0,0.5,38542.0,36.37071246951378,0.0013955350310555972,0.8507508611249794,-0.4840987954690514,53.786711166944826,1.00453053698702,0.0013955350310555972,0.002084830819943334,-605.6124510930073,6.076436095687821,28.11218929998443,60.71558300036324,11.172227699652328
baseline,5minute,strong_down,1.5,0.5,37864.0,31.172089583773506,0.003457864377047209,1.0786502213153173,-0.4834956442735189,130.92857677251553,1.0103908435240918,0.003457864377047209,0.004388446355918638,-680.8971205114422,8.147052609338687,18.257447707585044,65.58208324529896,16.160469047115996
baseline,5minute,strong_up,1.0,0.5,26157.0,35.43219788202011,-0.004910017684836653,0.8674967232787122,-0.4836515462093302,-128.43133258227232,0.9842770341001783,-0.004910017684836653,-0.0073218986443459935,-405.9163727752417,5.775968192070956,28.19895247925985,61.551401154566655,10.249646366173492
baseline,5minute,strong_up,1.5,0.5,25646.0,30.54277470170787,0.003652325259415944,1.1110067972658315,-0.4832902211519833,93.66753360298131,1.0108803786388905,0.003652325259415944,0.004602613789275318,-349.0453072848754,7.824027138735086,18.66957810184824,66.16236450128675,15.16805739686501
nifty_filtered,15minute,neutral,1.0,0.5,89024.0,33.35055715312725,-0.03747948701716198,0.8532223536326051,-0.4831756755244527,-3336.573852215828,0.8836163288504604,-0.03747948701716198,-0.0571711168552255,-3503.917269488752,2.5141534867002155,25.777318475916605,63.439072609633364,10.783608914450037
nifty_filtered,15minute,neutral,1.5,0.5,88000.0,29.404545454545456,-0.025104686131403917,1.0723667605235323,-0.4822254631844451,-2209.212379563545,0.92625579157531,-0.025104686131403917,-0.03263129021444251,-2522.7608825214106,3.0954204545454544,16.68068181818182,67.01022727272728,16.30909090909091
nifty_filtered,15minute,strong_down,1.0,0.5,7675.0,32.69055374592834,-0.020427208854700816,0.9528166051073063,-0.49310795396323265,-156.77882795982876,0.938455251155302,-0.020427208854700816,-0.029733442153548235,-213.105849814532,2.308273615635179,30.136807817589577,66.11074918566774,3.7524429967426713
nifty_filtered,15minute,strong_down,1.5,0.5,7621.0,27.857236583125573,0.009530912486526993,1.3106883222464547,-0.49289854930327415,72.63508405982222,1.0268030470066964,0.009530912486526993,0.011383093537597424,-126.06625008479048,3.0724314394436427,21.99186458470017,70.79123474609631,7.216900669203516
nifty_filtered,15minute,strong_up,1.0,0.5,4655.0,30.612244897959183,-0.063186406700725,0.9062239434594385,-0.49086744353609124,-294.1327231918749,0.8144860414002824,-0.063186406700725,-0.09572155594877528,-295.45107088967694,3.117937701396348,26.337271750805584,67.56176154672396,6.100966702470462
nifty_filtered,15minute,strong_up,1.5,0.5,4597.0,26.016967587557104,-0.05227151823819965,1.192685149747079,-0.4900745687852132,-240.29216934100378,0.8558313539500406,-0.05227151823819965,-0.0667549355535744,-250.25767577381075,3.9060256689145096,18.12051337829019,71.85120730911464,10.02827931259517
nifty_filtered,1minute,neutral,1.0,0.5,251998.0,36.19155707584981,0.002068757983406037,0.8555871845051545,-0.4820389781271721,521.3228743023544,1.0067258841573623,0.002068757983406037,0.0030894901803743776,-1087.9106146866832,28.39364201303185,28.183160183810983,60.512385018928725,11.304454797260295
nifty_filtered,1minute,neutral,1.5,0.5,244856.0,30.91449668376515,0.0017630195741917788,1.081636367322499,-0.4814605139512034,431.68592085830215,1.0053004108350976,0.0017630195741917788,0.002243659712135831,-1129.924747536092,38.99931388244519,18.06081942039403,65.40415591204626,16.535024667559707
nifty_filtered,1minute,strong_down,1.0,0.5,15594.0,35.1994356803899,0.0030295459909347694,0.9069324509767809,-0.4879672917594174,47.242740182636794,1.0095809384340393,0.0030295459909347694,0.004432766668442577,-114.55952194545466,19.32070026933436,29.98589200974734,62.45350775939465,7.5606002308580225
nifty_filtered,1minute,strong_down,1.5,0.5,15194.0,29.491904699223376,0.00996312146099601,1.1993784477081024,-0.48754178630650924,151.3796674783734,1.028983084152543,0.00996312146099601,0.0122264324470033,-155.10794584792473,27.88317757009346,20.159273397393708,67.88864025273134,11.95208634987495
nifty_filtered,1minute,strong_up,1.0,0.5,11311.0,36.42471929979666,0.007354730656126385,0.8630667325909952,-0.4829155304997156,83.18935845144554,1.0239556143980795,0.007354730656126385,0.010915016521046155,-136.04052934341755,26.45460171514455,28.954115462823797,60.43674299354611,10.609141543630095
nifty_filtered,1minute,strong_up,1.5,0.5,11018.0,31.112724632419674,0.016158799746237393,1.1193857798647944,-0.4821102500358987,178.0376556040436,1.048654579775766,0.016158799746237393,0.020132618764318173,-157.41077847299385,35.11853330913051,19.63151207115629,65.31130876747142,15.0571791613723
nifty_filtered,5minute,neutral,1.0,0.5,151466.0,34.861949216325776,-0.016934425763758677,0.8529579375189619,-0.48250167912149305,-2564.989732733472,0.9461188461934461,-0.016934425763758677,-0.02555147550368707,-2715.9588738729667,6.545706627229873,26.98031241334689,61.8323584170705,11.187329169582613
nifty_filtered,5minute,neutral,1.5,0.5,148474.0,30.102240122849793,-0.014362855723066184,1.0708009073249918,-0.4817005819291743,-2132.5106406265286,0.9573420118243435,-0.014362855723066184,-0.018535043439462707,-2490.559285637211,8.574976090089848,17.185500491668577,66.19273408138798,16.621765426943437
nifty_filtered,5minute,strong_down,1.0,0.5,8712.0,35.192837465564736,0.005891314768372033,0.9228122431618445,-0.4920328025632585,51.32513426205715,1.0184754558760842,0.005891314768372033,0.00853376889031394,-174.05278389365557,3.805440771349862,31.060606060606062,63.337924701561064,5.601469237832874
nifty_filtered,5minute,strong_down,1.5,0.5,8564.0,29.355441382531527,0.022030119634991567,1.2572602564570452,-0.49125394052544524,188.66594455406778,1.0634792946636633,0.022030119634991567,0.026396608311287005,-182.33531693372478,5.599369453526389,21.78888369920598,68.91639420831387,9.29472209248015
nifty_filtered,5minute,strong_up,1.0,0.5,6919.0,33.328515681456864,-0.03024530274416595,0.8799580950858253,-0.48524834531862077,-209.2672496868842,0.9065124563830794,-0.03024530274416595,-0.04545445417496389,-252.92363490853745,5.91284867755456,27.186009538950717,63.896516837693305,8.917473623355976
nifty_filtered,5minute,strong_up,1.5,0.5,6761.0,28.38337524034906,-0.026014339437343024,1.1315123659840238,-0.48476976027658364,-175.8829489358762,0.9250686714891458,-0.026014339437343024,-0.033177837999308776,-293.8508918968578,7.984913474338116,18.207365774293745,68.59931962727407,13.193314598432185
