timeframe,threshold,direction,nifty_regime,n_events,ret_5,band_exit_5,full_reversion_5,adverse_excursion_5,ret_10,band_exit_10,full_reversion_10,adverse_excursion_10,ret_20,band_exit_20,full_reversion_20,adverse_excursion_20,ret_40,band_exit_40,full_reversion_40,adverse_excursion_40
15minute,1.5,above,neutral,30440,-0.010263260429004198,0.8361280860425324,0.14079687118064044,0.2859609875519815,0.025789276555859452,0.9313559944203803,0.33477718229204906,0.3723623062638086,0.09683825597307931,0.980422147445702,0.6882838788620373,0.4714646009660469,,,,
15minute,1.5,above,strong_down,5149,-0.05028577289707802,0.8273201724529158,0.16836850465169048,0.31553063745136795,-0.055448276593657794,0.9076723016905072,0.3271781534460338,0.4164668942400923,-0.19915483605553222,0.9666080843585237,0.6151142355008787,0.5522884833844828,,,,
15minute,1.5,above,strong_up,8978,-0.033283523059064644,0.8310421286031042,0.12357723577235773,0.2843644073963469,-0.07879202437298113,0.9197292069632496,0.28646034816247584,0.37786697041297246,-0.05041962460668478,0.977961432506887,0.6235078053259872,0.4471161692116587,,,,
15minute,1.5,below,neutral,31788,-0.0021003259547178834,0.7770638809281686,0.09346399186465748,0.2847528997709838,0.03862148981116009,0.8807557732680196,0.2423372988103569,0.3956592053184977,0.12062276042733687,0.9446210916799153,0.5384207737148914,0.5208065074802366,,,,
15minute,1.5,below,strong_down,16305,0.07012857964744738,0.7915350074837851,0.11250623648761018,0.26868815690608955,0.05902630609586245,0.8955096047962804,0.25241649333170196,0.37275431425240396,0.2294741146622277,0.9745845552297165,0.5601173020527859,0.4122123152506309,,,,
15minute,1.5,below,strong_up,3406,-0.024343546537135736,0.7696211096075778,0.10723951285520975,0.32900511753398887,-0.0034630653244468812,0.8734821778300039,0.22130826478652565,0.4331544855899304,0.05106732506805355,0.9332552693208431,0.49063231850117095,0.5568911259709246,,,,
15minute,2.0,above,neutral,13429,-0.0016265805136673672,0.8627058823529412,0.12976470588235295,0.30934289709443286,0.02622689427275986,0.9432026383290583,0.3057896665445218,0.4057126687632887,0.08030358289375161,0.9758064516129032,0.660394265232975,0.5561754370662162,,,,
15minute,2.0,above,strong_down,2130,-0.06268113259404096,0.8560090702947846,0.15136054421768708,0.3517893298647157,-0.09135818738399232,0.9269406392694064,0.30071754729288974,0.4458746439721092,-0.39112350734070955,0.9702233250620348,0.5533498759305211,0.5770578815487403,,,,
15minute,2.0,above,strong_up,3906,0.028527683998816427,0.8617206548241031,0.12574016022291884,0.2954768145405592,-0.0005760015404369845,0.9342167534311405,0.28300993847610034,0.3830752585025411,0.03410375736691347,0.9764397905759162,0.5942408376963351,0.48930137945891716,,,,
15minute,2.0,below,neutral,12450,0.040537696701695464,0.7986402966625463,0.08318912237330037,0.3215562021602161,0.10407530918139364,0.8903764066744276,0.2145906092355452,0.43456897977077813,0.15236077061002354,0.9467408585055644,0.5103338632750397,0.5833760469694207,,,,
15minute,2.0,below,strong_down,6843,0.11736883155647768,0.8154469810113079,0.08576914870919565,0.2791283484113129,0.09954308269917386,0.9032827391457818,0.20684786445464173,0.39951160273619596,0.32159929773854257,0.9709677419354839,0.5177419354838709,0.43058940293962866,,,,
15minute,2.0,below,strong_up,1295,0.005655246589505441,0.7763401109057301,0.08040665434380777,0.35334132751070313,0.059159915619451074,0.8784530386740331,0.17900552486187846,0.47383506485449545,-0.005055417294789361,0.9244604316546763,0.4244604316546763,0.588356884630819,,,,
15minute,3.0,above,neutral,3226,0.10795158066580234,0.8860353130016051,0.13162118780096307,0.36240227542836334,0.2123451667402891,0.9435127978817299,0.2850838481906443,0.45956688872035517,0.3618264217832288,0.9623655913978495,0.6021505376344086,0.599881993014899,,,,
15minute,3.0,above,strong_down,491,0.11653158371177061,0.8840970350404312,0.14016172506738545,0.3903925285873814,0.1867978181033386,0.9318181818181818,0.2987012987012987,0.5371696848061253,-0.12245578432759599,0.9420289855072463,0.4492753623188406,0.8488050213355042,,,,
15minute,3.0,above,strong_up,831,0.07554430215701616,0.8919382504288165,0.11149228130360206,0.34549188521182733,0.1497859360580692,0.9455445544554455,0.26485148514851486,0.40542912060140013,0.4720682425083748,0.9811320754716981,0.5471698113207547,0.48796613623929536,,,,
15minute,3.0,below,neutral,2413,0.13327913308705036,0.791156462585034,0.08775510204081632,0.4476602127845642,0.03980673685047295,0.8811563169164882,0.19271948608137046,0.6286367728409852,-0.10513000643753034,0.9490445859872612,0.42038216560509556,0.794963578927066,,,,
15minute,3.0,below,strong_down,1187,0.285843831535243,0.8407894736842105,0.0881578947368421,0.37864054535577923,0.005674350679253395,0.8871794871794871,0.18717948717948718,0.5793870571524693,0.3620157846286506,0.9777777777777777,0.5,0.5632971354229731,,,,
15minute,3.0,below,strong_up,236,0.025246712941972657,0.7802197802197802,0.08241758241758242,0.4837072451136135,0.04081917944934318,0.8783783783783784,0.14189189189189189,0.6256225041335117,-0.6529091894525976,0.9032258064516129,0.25806451612903225,0.7055456909388753,,,,
15minute,4.0,above,neutral,995,0.2835465227088344,0.8606870229007634,0.1183206106870229,0.3671000087469839,0.2328168169201679,0.9201388888888888,0.2326388888888889,0.5218944835297656,0.6590333257148766,0.926829268292683,0.5121951219512195,0.4437408084099089,,,,
15minute,4.0,above,strong_down,147,0.15350984771386852,0.89,0.11,0.3852318673057422,0.2964519621719076,0.9615384615384616,0.2692307692307692,0.5322914028710628,-0.4677672652936004,1.0,0.5,0.8178366940214452,,,,
15minute,4.0,above,strong_up,201,0.28265149892444724,0.8923076923076924,0.11538461538461539,0.41479670707102284,0.2235149084974969,0.9666666666666667,0.2,0.5239794787023897,-0.2280861065788465,1.0,0.6,0.8506636479874145,,,,
15minute,4.0,below,neutral,689,0.23223033202628424,0.8125,0.08333333333333333,0.5119176736321944,0.22417112969902545,0.8960573476702509,0.1827956989247312,0.7333303571432722,0.6739471190125569,0.9545454545454546,0.45454545454545453,0.5307971484996398,,,,
15minute,4.0,below,strong_down,312,0.34493923064880094,0.835820895522388,0.06965174129353234,0.3720012513196714,0.07239319346080852,0.9166666666666666,0.1574074074074074,0.48511741396286545,-0.4348485736948919,1.0,0.4230769230769231,0.49185834696647246,,,,
15minute,4.0,below,strong_up,66,0.7617303732889655,0.875,0.14583333333333334,0.33978181477382147,1.2545803756543967,0.9024390243902439,0.21951219512195122,0.3697161758301582,0.5912005245697236,1.0,0.25,0.1943986210948352,,,,
1minute,1.5,above,neutral,145966,0.013309711365486592,0.6870046652801979,0.00776375695576415,0.16340290947778063,0.011716643138291183,0.7991797685826947,0.02309145364830603,0.23452672508534209,0.00013042381830985437,0.8798916021709593,0.05666864345071427,0.32117862934339875,-0.0057136713697212675,0.9356586605459464,0.12524797114517583,0.4168823218920109
1minute,1.5,above,strong_down,16072,0.0055142354552945826,0.6969179165875578,0.02202392253654832,0.17939967511003355,0.008532476474525643,0.8042259872447336,0.05553050312439606,0.2556674490725458,0.004243318121564254,0.8796820264079763,0.11486122338992186,0.3479890232470292,-0.025053810459531915,0.9322122571001494,0.19902840059790733,0.4551443194726821
1minute,1.5,above,strong_up,29087,0.014679879569765599,0.7039817575863884,0.013155586739168567,0.15741448641128097,0.005396136874694156,0.8109784187958468,0.031857968035720614,0.22582384734816047,0.008213209944569108,0.8892758936755271,0.07050412465627864,0.3072622186992439,0.0062572667854919745,0.9450482104919105,0.145285177316555,0.39457551641867594
1minute,1.5,below,neutral,161364,0.024356658383604898,0.6665309290813535,0.004199381545626916,0.12131469116918181,0.01863477677825752,0.7730307337236443,0.011774523738117902,0.1812576047786727,0.006235803913868172,0.854530255377173,0.031033088713932344,0.26041761071673425,-0.0028547872783286523,0.9150528365263142,0.0761039192663823,0.356790507990328
1minute,1.5,below,strong_down,46724,0.027803586542988826,0.6861403240264994,0.00684347464853401,0.1264864133717006,0.033804969349050994,0.7975824762922399,0.018699078402564445,0.18505518370074805,0.04263235100465918,0.8813499612485027,0.04506916555109326,0.2554748718958564,0.05722642911538612,0.9376441602013,0.10369050115328161,0.33313109373496214
1minute,1.5,below,strong_up,14464,0.03615274224115799,0.6860241135763715,0.015053149746736107,0.133780591521444,0.04179767408816908,0.7878677806029786,0.03661460225208863,0.1946578179486504,0.031771558019876286,0.860849598163031,0.07738231917336395,0.27895122958809415,0.026657099971700467,0.9134224779959377,0.13642518618821936,0.37853549554436366
1minute,2.0,above,neutral,64694,0.014298756392131353,0.702075992762594,0.005189981906485097,0.19628358151982422,0.015069863694214689,0.813420328999821,0.017670316796563564,0.27769666661758374,0.0076969385266994275,0.8915061898211829,0.047867950481430534,0.3722619608581626,0.010599561675399603,0.9454105174846509,0.10887388933379094,0.47136665594689825
1minute,2.0,above,strong_down,6866,0.013569587743290507,0.7164711124313085,0.01856527550868855,0.21208144225952127,0.01113850920971859,0.8197965689995446,0.04493699711553059,0.29980958250385487,0.016895641695506874,0.8934873275585499,0.09865255052935515,0.4047668209741278,-0.009862572166367026,0.9457038391224862,0.17879341864716636,0.5125466391639125
1minute,2.0,above,strong_up,12846,0.011833447305202553,0.7102885922136062,0.008553841234311296,0.18719272749207036,0.015279230514300546,0.8185209211806682,0.021083360363282518,0.2642985972610377,0.03138885117324335,0.9009369676320272,0.052896081771720616,0.35128522651272615,0.03541303105341857,0.9520987174504469,0.11931597357170617,0.4443437341890934
1minute,2.0,below,neutral,66664,0.036525940621908386,0.6788168970576879,0.0036296239091821764,0.14003537300262406,0.030711530992825916,0.7846302668929098,0.008563408871057264,0.20796080213430146,0.022005123337597993,0.8676095135716205,0.022473797366299383,0.29609272271018316,0.02709879121895729,0.9254594525125305,0.05827381717370151,0.3983948045520168
1minute,2.0,below,strong_down,19718,0.045860903087476354,0.7040229885057471,0.0041274817136886105,0.145594994151681,0.06552458675075354,0.8165039739691684,0.012161945911345815,0.21242050897885997,0.09092663281793102,0.8964786716289722,0.03395362152877183,0.29255826841826854,0.10920407058276288,0.9470792176358998,0.08189965330018971,0.37944796440189227
1minute,2.0,below,strong_up,5721,0.049621031148487954,0.6807435480960116,0.010828370330265295,0.15717331194663492,0.052558529591189805,0.7794144724728411,0.027250966672804272,0.2301943323961854,0.050594210805102346,0.8555512118842846,0.05492572322126661,0.3228906468756865,0.0585252350834909,0.9162326388888888,0.1095920138888889,0.42912758787025806
1minute,3.0,above,neutral,15427,0.015689573200130393,0.7202452352392377,0.004131680661068906,0.26629720958923203,0.013346499307999206,0.8333677614817875,0.014528678647662328,0.3748890195957339,0.004803518246039079,0.9084151055605114,0.04021706809396372,0.48874106844699206,-0.011930585988890973,0.9574036511156186,0.09355983772819472,0.6002453585066042
1minute,3.0,above,strong_down,1829,0.01989681703754434,0.7265625,0.008370535714285714,0.27503407397032853,0.013486917851479095,0.8299827685238369,0.031016657093624354,0.37942390449611074,-0.03523209418944715,0.8954289292423294,0.061365059486537255,0.505504822870019,-0.0597026577020687,0.9515774027879678,0.12325752017608217,0.6293952791611789
1minute,3.0,above,strong_up,2918,0.0306286645438111,0.7211367673179396,0.003907637655417406,0.24290164910243528,0.051830310062149894,0.8354384698664742,0.010465535907614579,0.3462340566571409,0.04427342875260933,0.9119472459270752,0.03917765709852599,0.47336290609952986,0.058379810427850926,0.9599640125955915,0.09626630679262259,0.5854595567586474
1minute,3.0,below,neutral,12821,0.04301563590735112,0.6806126561870214,0.0024989923417976624,0.19727368784933744,0.03205751242395484,0.7852617539179727,0.007502500833611204,0.2929742756809623,0.037998056646553695,0.8696510271822014,0.02090248497353548,0.4105603891263382,0.028378661255325004,0.9283787833383278,0.04944560982918789,0.5479220972482931
1minute,3.0,below,strong_down,3755,0.13138779398722364,0.7284362826933779,0.003060656649972176,0.20687879341582377,0.20721989888250067,0.8424539170506913,0.01238479262672811,0.2896586130145758,0.2741098997195979,0.9155639571518589,0.03560176433522369,0.386217094754493,0.31213564020189055,0.9545957918050941,0.08453303802141011,0.532296338214339
1minute,3.0,below,strong_up,1180,0.06291405135446117,0.6789473684210526,0.002631578947368421,0.2056480526999478,0.045036217446685,0.7845601436265709,0.011669658886894075,0.29522398175427184,0.032694337874750075,0.8477011494252874,0.035440613026819924,0.44494401060113065,0.08815155086209689,0.9163952225841476,0.08469055374592833,0.5818759059415498
1minute,4.0,above,neutral,4709,0.03994294793146838,0.7256967303050252,0.003949967083607637,0.3266138044564278,0.030127065574706114,0.8319540229885057,0.012413793103448275,0.44860106984205256,0.0223223649026454,0.9100152516522624,0.033807829181494664,0.5634685820468138,0.09180815568275483,0.9553415061295972,0.07355516637478109,0.6655995941545776
1minute,4.0,above,strong_down,533,0.004382929028108686,0.7052023121387283,0.0038535645472061657,0.35815033305733424,0.12119173922873568,0.8363636363636363,0.03636363636363636,0.4926408770481021,0.2191666927265913,0.908256880733945,0.05504587155963303,0.5941940286066772,0.1029534238377824,0.9518413597733711,0.11048158640226628,0.7225170619432106
1minute,4.0,above,strong_up,902,0.08920848502135188,0.7508771929824561,0.007017543859649123,0.3077771263970139,0.14032632551558286,0.8502994011976048,0.01437125748502994,0.43750090655233,0.23118334628167247,0.9276315789473685,0.04868421052631579,0.5399561056557594,0.3202241437087808,0.9738058551617874,0.10323574730354391,0.5934695646039322
1minute,4.0,below,neutral,3384,0.06266366229809951,0.6707205837640621,0.0018242626938279112,0.24738075543271748,0.04857004343454295,0.7751572327044025,0.007547169811320755,0.36444894854003484,0.045567531891445454,0.8621038435603506,0.02124072825354012,0.5169852852089694,0.08448556090059464,0.9300831443688586,0.05102040816326531,0.6772035186207471
1minute,4.0,below,strong_down,965,0.2827823901185639,0.7277599142550911,0.00857449088960343,0.2827552344516557,0.41415203086017827,0.8393839383938394,0.020902090209020903,0.4030591015410104,0.49221920429225097,0.9090909090909091,0.04425837320574163,0.5463699019344452,0.5682414041097344,0.9565807327001357,0.10583446404341927,0.7561066323169245
1minute,4.0,below,strong_up,341,-0.01733894700407029,0.6676829268292683,0.003048780487804878,0.2875727490886273,-0.055735095767304274,0.7753164556962026,0.00949367088607595,0.4189700476261556,-0.1046591923833262,0.8406779661016949,0.02711864406779661,0.6319313938542501,-0.03933251791214575,0.8973384030418251,0.057034220532319393,0.8215463299777112
5minute,1.5,above,neutral,61551,-0.010789970290989187,0.7565995121510525,0.04291263890143644,0.253744567981667,-0.015357246696613409,0.8681736429038587,0.10556327665140615,0.3383652066118266,-0.005505224995600396,0.9391773263105092,0.23882618510158013,0.43332213549903903,-0.012637054528018572,0.9778689911983751,0.47672647257955314,0.5432730109816803
5minute,1.5,above,strong_down,6300,0.023485144064295485,0.8095322781433398,0.11986484083229593,0.2674355269786719,0.026188113098330867,0.8984282907662082,0.24793713163064832,0.3574295105017043,-0.021667750306423796,0.9545147489304211,0.4321098851609998,0.46159960970977654,0.098587845357899,0.9809225512528473,0.6395216400911162,0.5437852696729243
5minute,1.5,above,strong_up,14640,0.026532962372294838,0.7801250762660159,0.062461866992068335,0.23377873224998674,-0.009150122476596335,0.8760934182590233,0.1408067940552017,0.31708239880008454,-0.04707440997122802,0.9412712803465296,0.2774252039891206,0.4184900518322365,-0.0009309979991148883,0.9818846337200063,0.5440966152868266,0.5067833769188244
5minute,1.5,below,neutral,63363,-0.00044997801663818553,0.7074519782996695,0.02677198748873456,0.21722972756487677,-0.018360733985132625,0.8240822666588018,0.07013507933699051,0.3121900094862689,-0.026425480204799807,0.9004768459345197,0.1721315504866778,0.42829807811799026,0.050168573828759895,0.9539526574363555,0.3904421616793211,0.5667867402784094
5minute,1.5,below,strong_down,25265,0.06794005055099274,0.7594284690495386,0.039998208366926455,0.1997574936348892,0.09194659403977555,0.8656316375037929,0.0994234853848488,0.2748818229626553,0.18056180139834,0.9394877749822592,0.23282368879427134,0.35621697227950555,0.20703032922423617,0.974585635359116,0.4477147162230035,0.43614710438085297
5minute,1.5,below,strong_up,5778,-0.0070206825947240255,0.7191297530380243,0.052528420227361816,0.2586221452942173,-0.0106251828020994,0.825571366968521,0.12052608883139285,0.3494273163579741,0.016236021891041254,0.8959764474975466,0.24386653581943082,0.47905409724286474,0.03167743087456312,0.9397670549084859,0.43094841930116473,0.6151506241579772
5minute,2.0,above,neutral,27138,-0.01214753829412088,0.7830283279017297,0.035932146736859696,0.2874991357111115,-0.015922911997643358,0.8875426703206885,0.09351411125534881,0.376356499609557,0.02050441945964531,0.9511597321855572,0.22005021520803444,0.47149701263288235,-0.0037722399325382685,0.9810573630136986,0.4491652397260274,0.5926794211390228
5minute,2.0,above,strong_down,2612,-0.004622402620976118,0.8222811671087533,0.10831122900088418,0.31232355863004446,-0.015962100519063573,0.905940594059406,0.2207920792079208,0.40765635348017504,-0.11554403194757311,0.9575581395348837,0.39244186046511625,0.5188200444691922,0.06950531582875508,0.9798136645962733,0.6071428571428571,0.5989334024664402
5minute,2.0,above,strong_up,6471,0.07350158659638602,0.7908910175311766,0.05729260798843304,0.2616236367393207,0.03322781764928093,0.8920024544896706,0.12661075884638986,0.34640294965021456,-0.012894734854796247,0.9459795867562858,0.25093353248693057,0.4570146494302065,0.010062443427482562,0.9817351598173516,0.5026982150269822,0.554982624518075
5minute,2.0,below,neutral,25682,0.01671885835684174,0.7315929203539823,0.01924778761061947,0.2473304936671893,0.02509117931761079,0.8424172977281785,0.05495217218015146,0.34968064106098246,0.026390803379869848,0.9119254259080681,0.1449694631951141,0.47671829880178845,0.13269879631225162,0.9536969696969697,0.34569696969696967,0.6229317386418474
5minute,2.0,below,strong_down,10935,0.11355759128267758,0.7925170068027211,0.029124149659863947,0.21187168456817404,0.12368110759323588,0.8895027624309392,0.07243707796193984,0.2951403697961806,0.23369890223580697,0.9499591169255928,0.17955846279640228,0.3852719608707896,0.3289771376693461,0.9827539009033671,0.38242540377771694,0.4470558601895141
5minute,2.0,below,strong_up,2280,0.013203650616699363,0.7520242914979757,0.04251012145748988,0.27944725840493445,0.06716286710033212,0.8487858719646799,0.11147902869757174,0.37333005721238444,0.09285087497316337,0.9044259140474663,0.22129570237331622,0.5096479835238974,0.08747517015192127,0.9448888888888889,0.38133333333333336,0.6448873591391002
5minute,3.0,above,neutral,6405,-0.008563300736368764,0.8135374400590188,0.03559572113611213,0.3757507419197355,0.04246478834926847,0.910039113428944,0.09169926119078661,0.45736863034197217,0.1430281850112895,0.9572133845309929,0.22600109709270433,0.5553761702180399,0.16183895460330294,0.9851052901900359,0.42013353877760656,0.6577325667733791
5minute,3.0,above,strong_down,603,-0.057992801032696294,0.8088235294117647,0.09033613445378151,0.4048374294358011,-0.1994597274126722,0.8768472906403941,0.15270935960591134,0.5692136115769835,-0.23602327738897952,0.9507246376811594,0.3188405797101449,0.6733180673996115,0.06693819250478741,0.9598214285714286,0.5357142857142857,0.7278802656193621
5minute,3.0,above,strong_up,1541,0.16767683177972614,0.8420221169036335,0.03475513428120063,0.3045942985441441,0.09640216535077112,0.9316712834718375,0.07663896583564174,0.3946147761424336,0.08810439596966725,0.9524375743162902,0.19500594530321047,0.498689055060016,0.3760433653928673,0.9876796714579056,0.4414784394250513,0.5301846875479984
5minute,3.0,below,neutral,5002,0.027098591694555293,0.7401665895418787,0.01989819527996298,0.3523215714492057,0.06411440846060805,0.847255369928401,0.04852824184566428,0.4807882799015181,0.0679928553350037,0.9091549295774648,0.13732394366197184,0.6404402897364383,0.09668226897421858,0.953168044077135,0.30303030303030304,0.841540248747291
5minute,3.0,below,strong_down,2051,0.1855021811784579,0.8067978533094812,0.020870602265951103,0.2635786973552056,0.23279764232987774,0.8896599583622484,0.062456627342123525,0.3838470648926347,0.38003772761116467,0.9476236663433559,0.14451988360814744,0.5272951433704031,0.3480316790086525,0.9827586206896551,0.3007662835249042,0.5561317707268698
5minute,3.0,below,strong_up,411,0.106909693038055,0.7387387387387387,0.03003003003003003,0.3040836048351357,0.10993068896829601,0.8303886925795053,0.09540636042402827,0.43507741654114485,0.062342608985578,0.9297520661157025,0.1652892561983471,0.5819979424967661,0.1224609184639723,0.9627329192546584,0.2795031055900621,0.6954263781726154
5minute,4.0,above,neutral,1967,0.09819378784131612,0.8233782915863841,0.03789338471419396,0.4182560006926009,0.17604251313108527,0.9084615384615384,0.08461538461538462,0.5083864137399609,0.43175573183497234,0.9553752535496958,0.21399594320486814,0.5854695809028465,0.5201133332001026,0.9738562091503268,0.39215686274509803,0.7194381831833265
5minute,4.0,above,strong_down,220,0.002912183273609919,0.823170731707317,0.06707317073170732,0.4202031469910207,-0.12875685973192816,0.9136690647482014,0.1223021582733813,0.6060897731030412,-0.2671376659982056,0.9739130434782609,0.23478260869565218,0.7331317337712272,-0.13792742824012671,0.9726027397260274,0.4383561643835616,0.712106984401092
5minute,4.0,above,strong_up,401,0.41699017044493997,0.8823529411764706,0.0457516339869281,0.3304685851778239,0.2686474195572413,0.9310344827586207,0.07662835249042145,0.4318127543480181,0.3606257433198137,0.9310344827586207,0.1724137931034483,0.5185353117396182,0.8288296341201883,0.9770114942528736,0.4482758620689655,0.6423130205421616
5minute,4.0,below,neutral,1381,0.06435477380057315,0.7440878378378378,0.02195945945945946,0.4570867670328201,0.15652885713679462,0.8572825024437928,0.056695992179863146,0.6001657538285466,0.07545459541068945,0.9208173690932312,0.1111111111111111,0.7588407005030214,0.05827112476873366,0.9558441558441558,0.2779220779220779,0.9923660825422025
5minute,4.0,below,strong_down,500,0.22365606946562236,0.7652582159624414,0.023474178403755867,0.38448894646863674,0.38229397060704,0.8941798941798942,0.07407407407407407,0.5792876068910298,0.3480560431479647,0.9448529411764706,0.13970588235294118,0.7926832849562628,0.276979976415281,1.0,0.2616822429906542,0.7683612530461048
5minute,4.0,below,strong_up,109,0.17644583895349517,0.7111111111111111,0.03333333333333333,0.41208502857868046,0.5834679511945098,0.84,0.13333333333333333,0.46842087001019594,0.9661203992365069,0.8888888888888888,0.2222222222222222,0.5951492473438311,1.457400117139254,0.9473684210526315,0.3684210526315789,0.5405188451855577
