timeframe,threshold,direction,bb_bucket,n_events,ret_5,band_exit_5,full_reversion_5,adverse_excursion_5,ret_10,band_exit_10,full_reversion_10,adverse_excursion_10,ret_20,band_exit_20,full_reversion_20,adverse_excursion_20,ret_40,band_exit_40,full_reversion_40,adverse_excursion_40
15minute,1.5,above,above_upper,23082,0.011466818606792505,0.8711926846917966,0.18650088809946713,0.23021070567589447,0.029119105538892076,0.9478572037147482,0.38502172616511887,0.30316590257403336,0.04593795520312721,0.9830007390983001,0.6814486326681448,0.42869152153057477,,,,
15minute,1.5,above,below_lower,43,-0.2847156891743252,0.8372093023255814,0.20930232558139536,0.4590326293399397,0.04254692137383277,0.9069767441860465,0.37209302325581395,0.7621681314503104,-0.8640047287550399,0.9534883720930233,0.4418604651162791,0.9888098217592928,,,,
15minute,1.5,above,inside_bands,21359,-0.047366851536642746,0.7997668854671492,0.09821483344580087,0.3428490413177175,-0.053799748244510746,0.9002408299370137,0.25463134494257134,0.4623967112367956,-0.06661679545700379,0.9635833940276766,0.6067006554989075,0.6192861931739411,,,,
15minute,1.5,below,above_upper,37,-0.010365661914345634,0.6486486486486487,0.1891891891891892,0.3754906644597522,-0.5576972971859011,0.7297297297297297,0.2972972972972973,0.8362776952452021,-0.871169337926239,0.7837837837837838,0.40540540540540543,1.0855998362617678,,,,
15minute,1.5,below,below_lower,21062,0.06769844100851546,0.8287960833766042,0.1335212521326311,0.2324503877721283,0.1200144348735284,0.9268341109897746,0.29236573016976075,0.29738716605974397,0.23278905282607906,0.9759174311926605,0.5905963302752294,0.4072776294935576,,,,
15minute,1.5,below,inside_bands,30332,-0.008509857247661205,0.753810082063306,0.0815856888541531,0.3119081956349377,-0.011063821273619417,0.8571332390762809,0.2103952063556184,0.45375334988615246,-0.006805213168850189,0.9107379584622183,0.44233318603623506,0.6419895622687938,,,,
15minute,2.0,above,above_upper,10941,0.03170855117997612,0.8953127310365222,0.17728818571639804,0.24159484316835964,0.0597269877776805,0.9584816132858838,0.363582443653618,0.3106466328594222,-0.019023541781748504,0.9800412938747419,0.653819683413627,0.5086310466569698,,,,
15minute,2.0,above,below_lower,12,-0.034341135295461046,0.8333333333333334,0.0,0.3500416522327952,-0.26673306613803577,1.0,0.0,0.6519587658138383,-1.7322481310619782,1.0,0.08333333333333333,1.210863653051857,,,,
15minute,2.0,above,inside_bands,8444,-0.03644849340820727,0.8263425484588497,0.08373053701938354,0.3840379045173242,-0.06430819857023155,0.9134253450439147,0.22107904642409035,0.5220347891256358,0.026720390693207686,0.964622641509434,0.5448113207547169,0.6352801343767619,,,,
15minute,2.0,below,above_upper,16,0.319188920385456,0.75,0.125,0.22079026644445454,0.04145270032196674,0.875,0.25,0.6691581609361499,-0.3128590231323118,0.875,0.4375,0.942917289407418,,,,
15minute,2.0,below,below_lower,8761,0.16185568507267853,0.8524717789022966,0.12164266251459711,0.2441674328011848,0.20377630555024864,0.9315031258494156,0.26202772492525145,0.31575127820661314,0.39869254055685943,0.9761068165846802,0.5713281799016163,0.41474056986192065,,,,
15minute,2.0,below,inside_bands,11776,0.003629530052113687,0.7738438473071156,0.0610079575596817,0.34759345313971124,0.023439293866990486,0.8671179883945841,0.16982591876208897,0.5032103765926139,-0.24538307779976287,0.9052333804809052,0.3635077793493635,0.7725660817156242,,,,
15minute,3.0,above,above_upper,2885,0.2002548436576168,0.9264613450659962,0.1759899434318039,0.2628397964799379,0.3383631644660894,0.9717153284671532,0.34854014598540145,0.3161133099670004,0.4075887290305935,0.975,0.5875,0.5058750265688354,,,,
15minute,3.0,above,below_lower,1,0.3796674716700598,1.0,0.0,0.0,2.203696823332706,1.0,0.0,0.0,-2.4986067248746138,1.0,0.0,1.0762341998351133,,,,
15minute,3.0,above,inside_bands,1638,-0.012339640692137001,0.8402317880794702,0.06622516556291391,0.4781827469885876,0.005202653524042061,0.9010989010989011,0.18681318681318682,0.6556220975167454,0.289358929552573,0.9333333333333333,0.48333333333333334,0.8880697928039516,,,,
15minute,3.0,below,above_upper,3,-0.6035399110785841,1.0,0.0,0.25897320891481135,-2.54910660446305,1.0,0.0,1.3849250142193157,-4.243061719968796,1.0,0.3333333333333333,2.2835287946011573,,,,
15minute,3.0,below,below_lower,1706,0.3225101787316647,0.8626198083067093,0.134185303514377,0.35113707038394393,0.22147113304417218,0.9325657894736842,0.24835526315789475,0.4631451330246298,0.3169419362442021,0.9731182795698925,0.5268817204301075,0.5831317592714657,,,,
15minute,3.0,below,inside_bands,2106,0.06748953451910734,0.7711922811853894,0.055823569951757405,0.478139642258164,-0.09676029075580463,0.8505338078291815,0.13997627520759193,0.714099651634443,-0.7265168895254933,0.9285714285714286,0.20238095238095238,0.9377702322875859,,,,
15minute,4.0,above,above_upper,867,0.49313038894097955,0.9122807017543859,0.18796992481203006,0.25441683660877357,0.45542705373930603,0.9525691699604744,0.30434782608695654,0.32426585314280887,0.6764884739677506,0.9333333333333333,0.5777777777777777,0.4169844325365742,,,,
15minute,4.0,above,inside_bands,460,0.028012310210674633,0.8328445747800587,0.03519061583577713,0.500035674416035,0.12406179150203996,0.9315789473684211,0.14736842105263157,0.6940955104979374,-0.40398701826466776,1.0,0.25,0.6258726781284165,,,,
15minute,4.0,below,above_upper,1,-1.921250639199354,0.0,0.0,0.4124463392282509,0.15340784571554383,1.0,0.0,0.4856353102667388,2.7832566294104777,1.0,1.0,0.4856353102667388,,,,
15minute,4.0,below,below_lower,512,0.5927047750637363,0.889967637540453,0.13915857605177995,0.37202435313033416,0.5531883148866946,0.9345794392523364,0.22429906542056074,0.49582583543927644,-0.11697092028069671,0.9642857142857143,0.44642857142857145,0.5613514584979701,,,,
15minute,4.0,below,inside_bands,544,0.08330407298129723,0.7734806629834254,0.03867403314917127,0.5139397447166439,0.07059658549725799,0.8682926829268293,0.14146341463414633,0.7353501649128533,1.603362908900745,1.0,0.3684210526315789,0.13115805563182745,,,,
1minute,1.5,above,above_upper,73778,0.012292917128172764,0.6686514837435134,0.014232251422529528,0.1801160953891683,0.01079873292571147,0.7847613106293686,0.03599835533311593,0.24774658712397435,0.0025002173867180464,0.871651999587258,0.07954126682291897,0.3243641147863447,0.001130067656746742,0.9324308859352265,0.15881112364510275,0.40296534171174975
1minute,1.5,above,below_lower,205,-0.1059045802604518,0.797979797979798,0.14646464646464646,0.18796423266583842,-0.20244496137614654,0.8697916666666666,0.171875,0.2708564559828445,-0.13961681744064564,0.8870967741935484,0.1935483870967742,0.40222659129097915,-0.2389710882397592,0.9257142857142857,0.2742857142857143,0.6001014416193038
1minute,1.5,above,inside_bands,117099,0.01346280690689035,0.7038964668075519,0.006706603559390119,0.15347995426155595,0.010877714715354427,0.8117820061494586,0.021327035337106188,0.22672076212413123,0.0020183235805822817,0.8874645733890215,0.053428923031026254,0.3188301245472739,-0.008543250790234824,0.9395902946344238,0.11899127573353917,0.4242947357455928
1minute,1.5,below,above_upper,312,-0.005272270953211366,0.6535947712418301,0.013071895424836602,0.1681834255906559,0.00874374191786936,0.734006734006734,0.030303030303030304,0.23034338304957547,0.029343513268376326,0.8275862068965517,0.05517241379310345,0.3175948496523538,0.009698716531467005,0.8795180722891566,0.1285140562248996,0.4401237803926154
1minute,1.5,below,below_lower,72730,0.04673662506345475,0.6529078014184397,0.00801418439716312,0.12312484147416564,0.047086940544734106,0.7627923180769063,0.018420938030745113,0.17853203769004508,0.047788983269759194,0.8508068234209313,0.041954817888427844,0.2462185356935243,0.05251246273171369,0.9157175010230528,0.09354112672213886,0.3245566106875612
1minute,1.5,below,inside_bands,149484,0.015930902244042876,0.6811373966376431,0.004196100980231094,0.12306110034255933,0.012097779124873595,0.7871997871997872,0.013055013055013056,0.18477944143053737,0.00040265391369272364,0.8653661186939698,0.03455238291030037,0.26708080906193093,-0.007593601281391509,0.9215196121358799,0.08184792733120506,0.3662620624489997
1minute,2.0,above,above_upper,34722,0.010548569202701204,0.6880962256325176,0.010369141435089175,0.21684415791317746,0.014847618755195168,0.8027746645260958,0.027928391845636568,0.29241011446569054,0.007953805815519544,0.8852495543672014,0.06751336898395723,0.37732373656125245,0.013154183755993561,0.9435379061371841,0.13855595667870035,0.45414431962570234
1minute,2.0,above,below_lower,77,-0.20678881443129746,0.8552631578947368,0.13157894736842105,0.22162613833868697,-0.3316754269793214,0.9078947368421053,0.13157894736842105,0.3226465359635006,-0.10867343166743909,0.9166666666666666,0.16666666666666666,0.40499511759566265,-0.09770521965469525,0.9333333333333333,0.4,0.4789696757470923
1minute,2.0,above,inside_bands,49583,0.01637562038724369,0.7156465677563334,0.003988097698061743,0.1816688714902312,0.015455872652502204,0.8229133608378293,0.014831270496138792,0.2667764515809254,0.015812625751639244,0.8986598538837345,0.042042042042042045,0.36721385554882946,0.013451729702797252,0.948495943004156,0.09999010488818523,0.48097606338611487
1minute,2.0,below,above_upper,92,-0.0019834011758121067,0.6483516483516484,0.0,0.20870158524318377,0.0036173440685302594,0.7159090909090909,0.022727272727272728,0.31242296764335326,0.05882597026180499,0.8292682926829268,0.024390243902439025,0.37376310786472083,-0.06276885940547294,0.863013698630137,0.0821917808219178,0.5809902584750158
1minute,2.0,below,below_lower,32024,0.0667732165870679,0.672125311498754,0.005922521764458397,0.14493590778618035,0.07338190632829783,0.7818398964933816,0.014265335235378032,0.20843778216714587,0.08136748460445212,0.8697695950998896,0.03322531248887148,0.2850522121332623,0.08451425109535965,0.9272909163665466,0.07563025210084033,0.37429078181651015
1minute,2.0,below,inside_bands,59972,0.025018167365733195,0.6908303520994163,0.0032351380496739184,0.1406195669386507,0.0219636658096619,0.796213437209384,0.008387289221105087,0.21083875003336897,0.016513189333683304,0.8747659393018039,0.02356365524017872,0.30273162128584474,0.02658557074017748,0.9304845385926467,0.061419527635743855,0.40690731150315124
1minute,3.0,above,above_upper,9040,0.024273650136640807,0.7118702159259682,0.0069690391865646064,0.28303528440655995,0.03044625876341425,0.8277653169637587,0.02254751505135167,0.38029534445976504,0.041201916168178684,0.9089982156512872,0.05786387968391537,0.4769966194272127,0.015308849884437332,0.9552997458513978,0.11944984302586335,0.5646980500183731
1minute,3.0,above,below_lower,31,-0.24025489257623903,1.0,0.1,0.11165148734828259,-0.9199131322924908,1.0,0.1,0.2828259912014515,-0.6119903165327035,1.0,0.1,0.3449693733454515,-0.14083644202117382,1.0,0.4444444444444444,0.33284341745113627
1minute,3.0,above,inside_bands,11094,0.014084647397550358,0.7276591812216986,0.0020330838185010627,0.24827345086498817,0.012923100119671734,0.8375296912114014,0.009216152019002376,0.3637516873229761,-0.018215255331511776,0.9066926709094641,0.028638883186204066,0.49715144744263984,-0.021688270650750064,0.9587024042332911,0.07753364776256759,0.6290122028143255
1minute,3.0,below,above_upper,21,0.15777140293111822,0.7619047619047619,0.0,0.109976439099653,0.1894804760734308,0.75,0.05,0.19977867624644616,0.30814628794342724,0.85,0.05,0.30604191755598703,0.24454529883336307,0.875,0.0625,0.3709238720140656
1minute,3.0,below,below_lower,6679,0.12654170682367633,0.6871699285492389,0.005591798695246971,0.21054886859658287,0.1445719821177803,0.79333012666346,0.016354016354016353,0.29863302334945074,0.19456746083634185,0.8770577933450088,0.03887915936952715,0.39731821914804843,0.19262446505564948,0.9370643298147779,0.07966540529774946,0.5235438291143365
1minute,3.0,below,inside_bands,11053,0.02462681527862615,0.6926102837875808,0.0008429334082607474,0.19325945075624298,0.02455891960324248,0.7998449912807596,0.004165859329587289,0.2885716824800517,0.022545636751067605,0.8783222591362126,0.016611295681063124,0.4139809378334581,0.028250461833841434,0.9304732007906057,0.04650622020695268,0.5608509774097055
1minute,4.0,above,above_upper,2975,0.044914171089479066,0.729246935201401,0.006654991243432574,0.34924327105437825,0.05919140214880003,0.8334558823529412,0.020955882352941175,0.4700607521539349,0.1015779760918325,0.9136868064118372,0.053431976983148374,0.5642543190268394,0.16750938239924557,0.9565868263473054,0.10728542914171657,0.6153058487483031
1minute,4.0,above,below_lower,10,0.08358631624979163,1.0,0.1111111111111111,0.2706719041515323,0.3940746779860214,1.0,0.1111111111111111,0.2706719041515323,0.8833488050035898,1.0,0.2857142857142857,0.30797322639612307,0.4829012199358477,1.0,0.5,0.3371464092898133
1minute,4.0,above,inside_bands,3149,0.042847794641104345,0.7245665685312398,0.0016355904481517827,0.30557098782175435,0.050410692310717965,0.8354301258075485,0.008500510030601836,0.43380869597464816,0.04320335284506411,0.9108208955223881,0.022761194029850745,0.5616434539323921,0.09446679509411533,0.9584717607973422,0.057724252491694356,0.6970059816300507
1minute,4.0,below,above_upper,3,0.22398747398317043,1.0,0.0,0.15350882925460288,0.3876637948151192,1.0,0.0,0.31233530361832607,-0.9036795764903585,1.0,0.0,0.9459187594933329,-0.8706389618883447,1.0,0.0,1.6610835832743616
1minute,4.0,below,below_lower,1876,0.20784947995105013,0.6942919868276619,0.006586169045005488,0.2766617475911008,0.2626379775470774,0.7916666666666666,0.018018018018018018,0.3914809545585321,0.31124754407215943,0.8766871165644172,0.04233128834355828,0.5238557339638444,0.3738054038966656,0.9414197105444521,0.09166092350103378,0.6802788528143138
1minute,4.0,below,inside_bands,2807,0.0321915133892198,0.6743844174935686,0.0011025358324145535,0.24378705808481455,0.019811144652973536,0.7864225781845919,0.005339435545385202,0.3649492253347118,0.006697942864870405,0.8658536585365854,0.015853658536585366,0.5342915890641302,0.04241142977201528,0.9277879341864717,0.04250457038391225,0.7164746222541679
5minute,1.5,above,above_upper,40307,0.0095234045618042,0.7736181332727377,0.07064136794864512,0.23931717825309098,0.004771143061443404,0.8801469864496867,0.15364677318809672,0.3047391795458373,0.006665124008429946,0.947043844990849,0.30894405983926154,0.38148171061744873,0.020804301573429506,0.983001579778831,0.5587993680884676,0.4577868169782036
5minute,1.5,above,below_lower,94,0.21468050194904245,0.9021739130434783,0.2608695652173913,0.3024684083485781,0.7416109393250955,0.9777777777777777,0.5666666666666667,0.3499416736654712,-0.010719593991374897,1.0,0.6853932584269663,0.40153671529412227,0.19443062929815794,1.0,0.8160919540229885,0.5496232045569059
5minute,1.5,above,inside_bands,42023,-0.011445347807292307,0.7565026475526282,0.03479271600154979,0.2613282677788128,-0.026084512374222046,0.8647495520095572,0.09463264783684615,0.3622961882963528,-0.03166955469171837,0.9354359541246373,0.21887522454055547,0.47653488389306714,-0.014861550569591667,0.9754267384580135,0.4573834345285829,0.6051647203124525
5minute,1.5,below,above_upper,44,-0.22171908987709876,0.627906976744186,0.20930232558139536,0.5226426930346243,-0.40703352318105984,0.75,0.3,0.7079338722684654,-0.5958588742580524,0.78125,0.4375,0.922015742281847,-0.6076977757814711,0.8125,0.59375,1.0655931529444236
5minute,1.5,below,below_lower,37063,0.03227297248009781,0.7247612332542785,0.03945259919235947,0.2032127258279335,0.009085414828049428,0.8368028784374197,0.09266806182766091,0.2879092172217021,0.020290821360540803,0.9169895114806765,0.21005385996409337,0.38238545270413626,0.11977217981963727,0.9681783374457585,0.4543520803199183,0.4728384776776615
5minute,1.5,below,inside_bands,57256,0.00860056531043425,0.720514327978911,0.0271387661438677,0.22153163169879425,0.012137971475308727,0.8343100248170007,0.07401305499363935,0.3134987539385399,0.03488848975016759,0.9066376217324449,0.1828549461814454,0.4290490452554536,0.08066805434084544,0.954043023552419,0.3876371056882918,0.5628638232347153
5minute,2.0,above,above_upper,19243,0.00034834971890361987,0.7997910649542186,0.06040680882443311,0.2751870094824169,-0.00888888044676564,0.8988853503184714,0.13411986103068907,0.3438040578743185,0.026871848639240085,0.9574791871810939,0.2850237221376779,0.41766615544071356,0.03902409572094067,0.9858834244080146,0.5370370370370371,0.5013203787619311
5minute,2.0,above,below_lower,35,0.44884193986699644,0.9117647058823529,0.2647058823529412,0.20400016647648284,1.4164087426358036,1.0,0.6470588235294118,0.23294374851028674,0.5007061477427663,1.0,0.8235294117647058,0.23298875009402156,0.6787160979897024,1.0,0.8823529411764706,0.46421292693527827
5minute,2.0,above,inside_bands,16897,0.0075541228137005305,0.774063475546306,0.02764047866805411,0.29343079738947175,-0.005811346810785808,0.880755864465682,0.08137851143932812,0.40089081206310034,-0.015970990706861202,0.9441769217050116,0.19065453896914572,0.5244750592142178,-0.019161091705023312,0.9764632041424761,0.4089126000313824,0.6668607724498595
5minute,2.0,below,above_upper,14,-0.4925231351312563,0.6923076923076923,0.07692307692307693,0.5310795255390901,-0.060153035151353985,0.7692307692307693,0.3076923076923077,0.6638784100818372,-0.04860633182192638,0.8461538461538461,0.38461538461538464,0.7103580106961378,-0.40174929952154714,0.8,0.6,1.319960177889751
5minute,2.0,below,below_lower,16046,0.06771537555662621,0.7601768562280835,0.03216953803933526,0.22907257792366595,0.05617205338434349,0.8600856072766185,0.07900838237916889,0.3269279127253245,0.08880471336141926,0.9298435619735259,0.18483754512635378,0.4297191456910447,0.2509913978381049,0.973190984578885,0.42182680901542113,0.5212059691551766
5minute,2.0,below,inside_bands,22805,0.02795127723966242,0.7432880265116949,0.0176744632822631,0.24524697241715723,0.05208667766923902,0.8529035695258391,0.05322322855620671,0.3412959960395988,0.08181240236545687,0.9169019766034692,0.14414414414414414,0.4683094171111469,0.15326657596402815,0.9557633109109566,0.3281267814388325,0.5984120776598935
5minute,3.0,above,above_upper,5033,0.034648052870994504,0.8423173803526448,0.05415617128463476,0.3455020378210313,0.029931331937281317,0.9279556650246306,0.1188423645320197,0.41032773727634014,0.13554843196426258,0.965705378020265,0.27630553390491036,0.48080592243550063,0.15944200568794814,0.9900497512437811,0.48898365316275766,0.5400303989419737
5minute,3.0,above,below_lower,14,-0.14076019307608625,1.0,0.07692307692307693,0.1527291531380077,0.7890030437073059,1.0,0.3076923076923077,0.1527291531380077,0.004880222090198261,1.0,0.6923076923076923,0.1527291531380077,0.47446635077800986,1.0,0.7692307692307693,0.2465140113487667
5minute,3.0,above,inside_bands,3475,0.003118277302793733,0.7882054533925175,0.019340519974635383,0.3877222833601638,0.044086118103026074,0.8926150552978951,0.06136282554405994,0.5004323851376301,0.08367470469768225,0.945193171608266,0.16756513926325248,0.6312054480456123,0.2816370233666224,0.976878612716763,0.3699421965317919,0.7274152335624873
5minute,3.0,below,above_upper,2,-3.065726319020768,0.5,0.0,1.8358090954646549,-4.109941205069157,0.5,0.0,1.9629672968296672,-3.2352463753870664,1.0,0.0,2.153188430964989,-1.7108998052160582,1.0,0.5,2.155263288837225
5minute,3.0,below,below_lower,3336,0.13912335452178226,0.7869285984132981,0.03286739705326785,0.3149379636628137,0.15466514137616363,0.8735529830810329,0.0761353517364203,0.45526212417086104,0.2482246387661239,0.9380421313506815,0.1734820322180917,0.59281797930357,0.2387924840465543,0.9754768392370572,0.3692098092643052,0.7282799239456907
5minute,3.0,below,inside_bands,4103,0.02500762020362728,0.7366120218579235,0.012021857923497269,0.33271981182483124,0.07651387987866566,0.8464640198511166,0.039081885856079406,0.45032838795435376,0.07601235118489286,0.9082457558609539,0.11843168957154405,0.6184378867052058,0.13290010921895357,0.9542151162790697,0.26308139534883723,0.7672995018865252
5minute,4.0,above,above_upper,1647,0.18157753968834112,0.8543771043771043,0.05723905723905724,0.3871409650881648,0.13810089132290507,0.9202518363064008,0.10388247639034627,0.456843611717397,0.3830778852083953,0.9623955431754875,0.24233983286908078,0.5044964814737886,0.5036058021150452,0.9768115942028985,0.4434782608695652,0.6009394296839915
5minute,4.0,above,below_lower,7,0.6477733494707391,1.0,0.0,0.0,1.396164236804269,1.0,0.2857142857142857,0.0,-0.17884478956578603,1.0,0.2857142857142857,0.0,0.013432428874549667,1.0,0.2857142857142857,0.0
5minute,4.0,above,inside_bands,919,0.06872854683287125,0.8004895960832313,0.01835985312117503,0.43456581483064777,0.19499814250630199,0.903448275862069,0.05931034482758621,0.565766508595707,0.34403603922851417,0.9414893617021277,0.16489361702127658,0.6903858048823243,0.6348816377757048,0.9722222222222222,0.36507936507936506,0.7998697273673646
5minute,4.0,below,below_lower,933,0.1290410114318711,0.7636122177954847,0.03054448871181939,0.4668001766538352,0.27334612078858417,0.8639876352395672,0.08500772797527048,0.6505334633951,0.30762785114293684,0.9238683127572016,0.14609053497942387,0.7819154000603136,-0.20698308355377934,0.9679144385026738,0.2727272727272727,1.0386501210662
5minute,4.0,below,inside_bands,1044,0.07968866586298116,0.7323340471092077,0.017130620985010708,0.41646301325301455,0.1830701037095986,0.866421568627451,0.04779411764705882,0.5460576071931637,0.06500239732797779,0.9240710823909531,0.1050080775444265,0.7522971754755934,0.45480431907039653,0.9606060606060606,0.28484848484848485,0.8435496490684213
