timeframe,threshold,direction,macd_sign,n_events,ret_5,band_exit_5,full_reversion_5,adverse_excursion_5,ret_10,band_exit_10,full_reversion_10,adverse_excursion_10,ret_20,band_exit_20,full_reversion_20,adverse_excursion_20,ret_40,band_exit_40,full_reversion_40,adverse_excursion_40
15minute,1.5,above,negative,4022,-0.023048846515242735,0.8034775576223211,0.16012939749292357,0.4095393483510217,0.002450895053127334,0.893491124260355,0.3340505648197956,0.5101357153975967,-0.07862261692133987,0.9579439252336449,0.5876168224299065,0.6432709621378937,,,,
15minute,1.5,above,positive,40545,-0.020570337836834766,0.8363860876723606,0.13932908005762504,0.2795777569866286,-0.013179663447433645,0.9274678731289406,0.32141310102517207,0.36956693093725884,0.022051733670859445,0.9806034482758621,0.6737068965517241,0.45387750847651037,,,,
15minute,1.5,below,negative,45336,0.01372137604874162,0.7860192266347247,0.0962560275192727,0.27190030706463386,0.02907551737302615,0.8937138695434476,0.2372433884109427,0.3739532677447002,0.14844005259909013,0.968503937007874,0.5582869214518917,0.437892027792043,,,,
15minute,1.5,below,positive,6163,0.06882278550679909,0.7426669953167365,0.1375400542272615,0.3725228095418172,0.12691888486433775,0.8208073514932721,0.2884804725959961,0.5221382070935353,0.1332095965755574,0.8950238582140423,0.4703476482617587,0.6846567069524236,,,,
15minute,2.0,above,negative,1450,0.03963852440657642,0.8431845597104946,0.1399276236429433,0.473190738117673,0.03422947053431599,0.9080267558528428,0.28762541806020064,0.5870390045331298,-0.25431591148171534,0.9738805970149254,0.5186567164179104,0.748537271121395,,,,
15minute,2.0,above,positive,18015,-0.006123257616976337,0.8628311392816512,0.13123679505932065,0.30115470630834,-0.0021857544031743744,0.9405125793557488,0.30049376910416176,0.39457962283380327,0.008071233706296066,0.9748928352725046,0.6417636252296387,0.5141158924205831,,,,
15minute,2.0,below,negative,18420,0.07131168261622196,0.808244446226642,0.081642473333868,0.2950306387355633,0.10873437045705975,0.902547770700637,0.20585987261146496,0.40263468586556156,0.27942909262870774,0.9687875150060024,0.5312124849939976,0.46219115163638325,,,,
15minute,2.0,below,positive,2168,-0.0036033913020859566,0.7517985611510791,0.10359712230215827,0.4411816737070604,0.017643581914919874,0.8234165067178503,0.22840690978886757,0.6139379481179401,-0.15484257204504595,0.889795918367347,0.4,0.8049086779821516,,,,
15minute,3.0,above,negative,268,0.20459712658946208,0.8287671232876712,0.1232876712328767,0.5682195563484843,0.09678143088579579,0.9052631578947369,0.2631578947368421,0.7861029718961104,-0.414083522444542,0.8823529411764706,0.4411764705882353,1.2864078677981554,,,,
15minute,3.0,above,positive,4280,0.09681205435073979,0.8901755696675383,0.1288756070227867,0.3513736252271746,0.1996800480719344,0.944,0.284,0.443000645847591,0.35747708740560113,0.9708029197080292,0.572992700729927,0.5557296893739648,,,,
15minute,3.0,below,negative,3549,0.18542652581425298,0.8116591928251121,0.08834080717488789,0.41700082899249763,0.08164168605569645,0.891044776119403,0.191044776119403,0.5970010817866708,0.2767422257763557,0.9770642201834863,0.46788990825688076,0.6111402603446737,,,,
15minute,3.0,below,positive,287,0.023381246123096645,0.7362637362637363,0.07692307692307693,0.571154929786316,-0.48459190737030233,0.7954545454545454,0.13636363636363635,0.8008968116709395,-1.0748996747731632,0.8666666666666667,0.2833333333333333,1.069156062393054,,,,
15minute,4.0,above,negative,78,-0.07920431901961524,0.8,0.06666666666666667,0.5121824641325711,-0.0640897775913416,0.8888888888888888,0.1111111111111111,1.0378763688192654,-1.056076153120957,1.0,0.2857142857142857,0.8198191615718244,,,,
15minute,4.0,above,positive,1265,0.28045605953257274,0.8729281767955801,0.11878453038674033,0.3721570294326652,0.25443939288547035,0.9383561643835616,0.2374429223744292,0.5029696783675427,0.583567270210743,0.9387755102040817,0.5510204081632653,0.5078841672235718,,,,
15minute,4.0,below,negative,1012,0.3154295925789262,0.8273716951788491,0.08553654743390357,0.4604111817904744,0.3132115813573426,0.9052369077306733,0.18204488778054864,0.6326034507854278,0.22909791773682114,0.9696969696969697,0.4090909090909091,0.48833812019759454,,,,
15minute,4.0,below,positive,55,0.08942417593117315,0.7631578947368421,0.05263157894736842,0.42594273005869354,-0.14066069046921126,0.8518518518518519,0.14814814814814814,0.6843048072237913,0.6630626622010759,1.0,0.5,0.4556887159024902,,,,
1minute,1.5,above,negative,65129,0.009212857354502712,0.6799603080848651,0.004882735591992314,0.14861320917247967,0.002629215941687047,0.7906635727867479,0.01495375294079732,0.2229397428745503,-0.002793582757912676,0.871742308403206,0.040192899030463934,0.3171590705492319,-0.016173778551063302,0.9308123453195516,0.09624763429902461,0.426875785830135
1minute,1.5,above,positive,125996,0.014738803038793545,0.6958382394737911,0.012326931665922287,0.1716943397179683,0.014496835273072247,0.8069521060597289,0.03347861685674824,0.24115666474133565,0.0040635107729715325,0.8862621849610167,0.07585111251176405,0.3234029568656828,9.250849847367566e-05,0.9399489007950884,0.15452742768890498,0.4113224550410588
1minute,1.5,below,negative,139972,0.031584606809929444,0.6790279358320179,0.006739840681325942,0.12646655427426076,0.029481427967711745,0.7857282517145951,0.017800204548189147,0.18577777278997437,0.025035811339021108,0.8660763475803039,0.042373625671694226,0.2598425174866267,0.017788980955372673,0.9236596890425784,0.09346320689139367,0.34823232822529754
1minute,1.5,below,positive,82580,0.01616134332753761,0.6599392925726321,0.0032955460571145387,0.11771640174821892,0.013046019031898826,0.7682095760686787,0.00989973828278103,0.17814702499476465,6.336771918316742e-05,0.8516281994184066,0.028188939247072387,0.2617761192142654,0.0013038839723933315,0.9131410030330818,0.07317486068984976,0.3614023916382609
1minute,2.0,above,negative,27204,0.008617222143820115,0.6869466515323496,0.0028376844494892167,0.17812267028406364,0.004855248533657119,0.7979433449747769,0.010826542491268918,0.26293807938701197,0.01073654736941519,0.8817940876656473,0.03196738022426096,0.36556663770395326,0.00046595732243476083,0.941037103263299,0.07961555654894949,0.4855757957906332
1minute,2.0,above,positive,57202,0.016348541520617293,0.7128166541259092,0.008671038016410476,0.20475114372714728,0.019463298947721346,0.8226450336946968,0.024959712862584235,0.2843030535676602,0.01275305980704137,0.8985060745218857,0.06270224185704044,0.37459820525554455,0.018674544966553915,0.9490815480605611,0.13384091801562023,0.4632789588213995
1minute,2.0,below,negative,59101,0.04865358223558577,0.6956795302013423,0.00522581096196868,0.1450977005471877,0.0501361806566674,0.8005994579751243,0.012832708150115764,0.2126399708586325,0.05053205701063162,0.8804530282274402,0.03144957456250362,0.2960031840932985,0.05162605678480833,0.9337865163705201,0.07258099212666179,0.39105096927231375
1minute,2.0,below,positive,33002,0.02278287746234874,0.6641726171996274,0.0023284694194349582,0.13729480596418764,0.02084503988753807,0.7744606598984771,0.006376903553299493,0.20617295896341561,0.01776098338838077,0.8602416798732171,0.01921553090332805,0.2987343508400346,0.03641799023847642,0.9219041469364327,0.055854498493327596,0.4053313035822857
1minute,3.0,above,negative,5791,0.005288368532562114,0.6977406155488347,0.0019569471624266144,0.24233385943364502,-4.11983190202311e-05,0.8099671412924425,0.007667031763417305,0.3622344869424748,-0.022570856456733915,0.8879611650485437,0.021359223300970873,0.5025067698205755,-0.018131506915762433,0.9484092863284609,0.06298366294067068,0.6570257269311666
1minute,3.0,above,positive,14383,0.023412421579597824,0.7302744425385935,0.00550314465408805,0.2723360853343111,0.026640068378203714,0.8428118315261488,0.01858818322637752,0.3747277643167834,0.01913345220017449,0.9159253025567043,0.05049290694878576,0.48202739137781364,-0.0007812861894146541,0.9610811814973064,0.1110904699981423,0.5763479249802632
1minute,3.0,below,negative,11733,0.0860510427954272,0.7067868504772005,0.0036231884057971015,0.2090718919867258,0.10089939227805,0.8128146453089244,0.011167048054919908,0.29880295380094846,0.12178717422521602,0.8907655406755947,0.03018189086548071,0.40899436154448976,0.1174080485690124,0.9426911245300217,0.06836048763814515,0.5426925799591086
1minute,3.0,below,positive,6023,0.017823306421398583,0.6589386913961875,0.0006869311351537008,0.18191374406039035,0.009169859210838857,0.7670143185433975,0.0042425313770549766,0.28012574878103724,0.020361929948286134,0.8531442433289793,0.015114760216458294,0.4057648221301489,0.037082928286955065,0.9148848684210527,0.041529605263157895,0.5550850803549296
1minute,4.0,above,negative,1572,0.051767100981054165,0.7002617801047121,0.0013089005235602095,0.2774227732612974,0.04923105104261103,0.819650067294751,0.0026917900403768506,0.3997045722564617,0.05623391806992178,0.8986340762041697,0.010064701653486701,0.53830133337854,0.1294543751418986,0.9506369426751592,0.044585987261146494,0.6849529732154317
1minute,4.0,above,positive,4572,0.0412145987471031,0.7369975017033841,0.005450828980240745,0.34374439593251926,0.056046205561370396,0.8404864091559371,0.019074868860276584,0.4689137221148862,0.07511388732137221,0.9176250334313988,0.04814121422840332,0.5716350585219323,0.12487644201533081,0.9605926860025221,0.09520807061790669,0.6495124670582931
1minute,4.0,below,negative,3144,0.122303489718016,0.6924590163934427,0.0042622950819672135,0.28021863408932957,0.16128799721501058,0.799051169095222,0.01253812267028126,0.39639680813988726,0.1650615614032148,0.8784082535003684,0.02984524686809138,0.5457082274137556,0.22890743201200348,0.9376829778335425,0.07319113341698034,0.7020180280133966
1minute,4.0,below,positive,1546,0.060815958014523726,0.6613333333333333,0.0013333333333333333,0.2114019773934781,0.025683469140154194,0.7668500687757909,0.006189821182943604,0.33559555287974346,0.049021702803284765,0.853940708604483,0.019522776572668113,0.5029003802842157,0.06747457117151644,0.9243027888446215,0.04223107569721116,0.706512094097352
5minute,1.5,above,negative,17915,-0.01737537103429049,0.7249953837631563,0.03243675755524097,0.268561096925238,-0.02297357042948523,0.8438830542151575,0.08458699971615101,0.37583632239331644,-0.05132767242814017,0.9248098584769423,0.20506402233561183,0.5138571145521564,-0.047892528987994974,0.9669690625726913,0.47080716445685045,0.7052885223593293
5minute,1.5,above,positive,64576,0.00285449337123069,0.7759583628724085,0.057769785416630644,0.2463866249142171,-0.007777431933057634,0.8795767973540164,0.13332430707336415,0.32518150187155975,-0.005698545847499589,0.94460787667328,0.2751362568698547,0.4137518940218733,0.008498622142966806,0.9807124716864576,0.5117715697714325,0.5115503499189301
5minute,1.5,below,negative,69336,0.027219507150405154,0.7345334026514166,0.035173511827397974,0.21287592037844266,0.022409748632552014,0.8444089514204188,0.0878631803743517,0.30155337702022883,0.04786435824702688,0.916564524601646,0.20532743827700928,0.40124348788419106,0.11274972323171814,0.9609824131714121,0.41579072694492636,0.5094355003055605
5minute,1.5,below,positive,25070,-0.00978717400855083,0.6875584242154462,0.022746494547073226,0.22119520989176678,-0.021161993047635125,0.8085226110087989,0.061182729691016985,0.3136059916766816,-0.027232177831516317,0.8902765388046388,0.1526796129829136,0.45064230586467624,-0.0058880629281960195,0.9465815555182261,0.38148832521417775,0.6559468775503334
5minute,2.0,above,negative,7011,0.0004753062567482997,0.744226510597912,0.02530844669408415,0.29933524497254854,-0.001350554093806826,0.8565634218289085,0.06950589970501475,0.41870735472641796,0.017591818307005614,0.9348872561439068,0.1778565999493286,0.5603721885265068,-0.05446751214112864,0.9652406417112299,0.4144385026737968,0.8055640735448736
5minute,2.0,above,positive,29210,0.004033704735801316,0.7978903451804621,0.049671350415239894,0.2811290733692728,-0.008689996580297517,0.8977293125112188,0.11815652486088674,0.3623137676455277,0.0012436082191194142,0.9540987147640134,0.251755049141376,0.4538077180287765,0.013858714702272226,0.9831095712429623,0.48245993936769166,0.5579256840139208
5minute,2.0,below,negative,29130,0.06242705746014655,0.7639867057054681,0.026628155416633693,0.23674107184970325,0.07040448604336763,0.8635112334606163,0.0697984193233283,0.3344381213800666,0.10522651007844157,0.9257856028526855,0.1687653220414531,0.4453263373316653,0.19886479794898562,0.9626601253747615,0.35913509584809666,0.5541289467349553
5minute,2.0,below,positive,9767,-0.01211194247727804,0.708036739380023,0.013777267508610792,0.24704384592130996,0.00626908926695966,0.83175702677501,0.04302650859198082,0.3419430975506743,0.018126651191275826,0.9066464684718804,0.12668055292558228,0.487240159528825,0.10194126119674603,0.9524987629886195,0.3587333003463632,0.6919756869803915
5minute,3.0,above,negative,1330,-0.008058975112385822,0.7430025445292621,0.01441899915182358,0.3909772049993787,0.02043577341720406,0.857421875,0.0458984375,0.5431573284382134,-0.002766641193773948,0.9244505494505495,0.13873626373626374,0.7116622096962035,0.2665537362765933,0.9613899613899614,0.35135135135135137,0.7745739288307548
5minute,3.0,above,positive,7219,0.024685983426312664,0.8330827067669173,0.04394319131161237,0.3600129317231188,0.0390605130746905,0.9226366686402211,0.1026248273139925,0.43558039498234385,0.1257706246714233,0.9615009746588694,0.24293372319688109,0.5259511833612273,0.18515644059374403,0.9858274280950396,0.44268445185493954,0.6257756491351463
5minute,3.0,below,negative,5779,0.10162291602858528,0.7717279638380933,0.024450380110951304,0.32585748906343315,0.14441788706575515,0.866853538892782,0.05816398037841626,0.44334295011044217,0.19744387804217228,0.9271463119709794,0.14782345828295043,0.5845130899379603,0.1804699572628844,0.961060032449973,0.300703082747431,0.7413056090941572
5minute,3.0,below,positive,1685,-0.02101742893468284,0.7112627986348122,0.008191126279863481,0.32769061324676985,-0.008159598556971391,0.8245469522240527,0.042009884678747944,0.48711034882804993,-0.06601097002543448,0.8906832298136645,0.11180124223602485,0.7077837468767888,0.028260307296182712,0.9615384615384616,0.3006993006993007,0.8863874166824718
5minute,4.0,above,negative,380,0.12574925352042612,0.7432835820895523,0.008955223880597015,0.3998429518245165,0.24674838908203195,0.8689655172413793,0.05172413793103448,0.5261619661183542,0.14748438721591975,0.9390862944162437,0.1319796954314721,0.7387305659243139,0.8655541398316011,0.9814814814814815,0.3148148148148148,0.5698447133824744
5minute,4.0,above,positive,2208,0.14115739831714547,0.8498817966903073,0.047872340425531915,0.40621389325538304,0.14859433137469752,0.9212765957446809,0.09361702127659574,0.5001879255558738,0.39669640615345536,0.955736224028907,0.22312556458897922,0.5612609782745713,0.4496134022918013,0.9734513274336283,0.41415929203539825,0.7209124853220196
5minute,4.0,below,negative,1565,0.14265166562552548,0.7699849170437406,0.026395173453996983,0.4455806024472453,0.2860844424065407,0.882604970008569,0.07455012853470437,0.6012179186760778,0.2126641605167498,0.9302071973827699,0.13304252998909488,0.7627420883819144,0.08352070485213083,0.961456102783726,0.2826552462526767,0.9254104780347489
5minute,4.0,below,positive,425,-0.0048193725705841335,0.6684491978609626,0.0106951871657754,0.40436042002548744,0.04704108023157688,0.8025889967637541,0.02912621359223301,0.5386748729035418,0.09753602935749557,0.900497512437811,0.0845771144278607,0.7355324852657471,1.0864805682181604,0.9841269841269841,0.2698412698412698,0.8356923607857879
