timeframe,threshold,direction,rsi_bucket,n_events,ret_5,band_exit_5,full_reversion_5,adverse_excursion_5,ret_10,band_exit_10,full_reversion_10,adverse_excursion_10,ret_20,band_exit_20,full_reversion_20,adverse_excursion_20,ret_40,band_exit_40,full_reversion_40,adverse_excursion_40
15minute,1.5,above,neutral(30-70),21956,-0.020899446147972733,0.8100785171836787,0.11487964989059081,0.32385951128983087,-0.01963554139859853,0.9043607073419128,0.27988149245440236,0.41435867380035063,-0.014982227863107617,0.9768518518518519,0.627104377104377,0.4950140833769101,,,,
15minute,1.5,above,overbought(>70),22460,-0.016041634580440122,0.8588907014681892,0.16583009160496925,0.2527854991408468,-0.00041571585843696744,0.9449863107460643,0.3624229979466119,0.3439701413575253,0.047635857128196984,0.980623973727422,0.689983579638752,0.4541282007348167,,,,
15minute,1.5,above,oversold(<30),90,-0.47817311029397563,0.6111111111111112,0.2111111111111111,0.7213958695226051,-0.2362475604072829,0.8089887640449438,0.29213483146067415,0.9871119429859064,-0.9557095348528825,0.8703703703703703,0.5,1.3682188539818236,,,,
15minute,1.5,below,neutral(30-70),28607,0.0068747119084916234,0.7533046190405466,0.08911332244170503,0.32193936814996466,0.022276963700537868,0.853574819250712,0.2177024757175199,0.4391362003153513,0.04060337101296418,0.9297994269340975,0.4722063037249284,0.5447491743663729,,,,
15minute,1.5,below,overbought(>70),96,-0.12373108082266364,0.7065217391304348,0.17391304347826086,0.5621656216843972,-0.5366464535585909,0.7682926829268293,0.3170731707317073,0.9406736723736171,-1.1103422368431755,0.7878787878787878,0.4090909090909091,1.4899727344875764,,,,
15minute,1.5,below,oversold(<30),22748,0.03572053466363419,0.8164895250967623,0.11488603551022916,0.2325437507280666,0.06804195137365572,0.924506387921022,0.27463593317251855,0.32862512085486556,0.2895952416925678,0.9819587628865979,0.6172680412371134,0.4088940782645153,,,,
15minute,2.0,above,neutral(30-70),7747,-0.015263631799791691,0.8317739520958084,0.0907559880239521,0.3598716612840582,-0.01602899304196845,0.9192580469176214,0.23240589198036007,0.4584729298873271,-0.046381057408334286,0.9736456808199122,0.575402635431918,0.5285197432946119,,,,
15minute,2.0,above,overbought(>70),11630,0.011609082525405191,0.883811502012203,0.1605867843697261,0.2743931242582921,0.022947729024656915,0.953101644245142,0.3480941704035874,0.3619004453989385,0.012177294180279848,0.9780033840947546,0.6582064297800339,0.5349381581776148,,,,
15minute,2.0,above,oversold(<30),41,-0.8263589567389549,0.6585365853658537,0.0975609756097561,0.8523836420980423,-0.5141410503258981,0.8048780487804879,0.17073170731707318,1.1374885693388679,-0.8255849016209474,1.0,0.4583333333333333,1.2355901653660706,,,,
15minute,2.0,below,neutral(30-70),10186,0.024495295787108278,0.7563372258615779,0.06322984904585588,0.36261620442964254,0.018420667463462707,0.8554294281430713,0.15849218248018848,0.49171214409347463,-0.07900894202502323,0.9253456221198156,0.39262672811059907,0.6074636259758188,,,,
15minute,2.0,below,overbought(>70),36,-0.19606763037342798,0.71875,0.125,0.5280159872177074,-0.8224003558338933,0.8620689655172413,0.1724137931034483,0.9763003380826483,-1.5728049811164206,0.9090909090909091,0.4090909090909091,1.4424103294005277,,,,
15minute,2.0,below,oversold(<30),10340,0.10337014516257674,0.8514530166691252,0.1044401829178345,0.25256881668361864,0.19391396364724447,0.9371401151631478,0.26415547024952013,0.34814794488574435,0.4900619023287518,0.9807507218479307,0.6179018286814244,0.4433452029705516,,,,
15minute,3.0,above,neutral(30-70),1263,0.05740212194513335,0.8521939953810623,0.06697459584295612,0.4299388384176688,0.1969235743922069,0.915807560137457,0.18900343642611683,0.5226512145482252,-0.018873192892812446,0.9473684210526315,0.4842105263157895,0.6621892703453253,,,,
15minute,3.0,above,overbought(>70),3260,0.13241491232895963,0.9057971014492754,0.15631469979296067,0.32323648046200004,0.2158929960176565,0.9563812600969306,0.3295638126009693,0.41246170605720217,0.5802652348527136,0.9752475247524752,0.6089108910891089,0.5227398502628792,,,,
15minute,3.0,above,oversold(<30),6,-0.646001436114208,0.8333333333333334,0.0,1.0451052383902908,-0.144178222806755,1.0,0.16666666666666666,1.5562491697073109,-0.684100024952192,1.0,0.25,1.8172494271713064,,,,
15minute,3.0,below,neutral(30-70),1896,-0.013051132664704415,0.7383820998278829,0.03442340791738382,0.5186815567574838,-0.23831184744482192,0.8366533864541833,0.09561752988047809,0.7158369084158656,-0.33783344440218865,0.9477611940298507,0.26865671641791045,0.7712872558422079,,,,
15minute,3.0,below,overbought(>70),17,0.10774596551856318,0.9090909090909091,0.18181818181818182,0.3485883931195517,-1.309565159824777,0.9,0.2,1.1169344247974293,-3.2418715810119845,1.0,0.3333333333333333,1.8788832857759263,,,,
15minute,3.0,below,oversold(<30),1906,0.3406633442955127,0.8723404255319149,0.13584288052373159,0.3418435420272934,0.34793411049535156,0.9378612716763006,0.2832369942196532,0.4877723785611954,0.3753045661454056,0.9699248120300752,0.5864661654135338,0.5974436174657284,,,,
15minute,4.0,above,neutral(30-70),290,-0.14136623526388384,0.7929292929292929,0.04040404040404041,0.5995301726234308,-0.14916232054941603,0.926829268292683,0.12195121951219512,0.7352292266844922,0.01361198162907895,1.0,0.3333333333333333,0.5378486965306449,,,,
15minute,4.0,above,overbought(>70),1038,0.42982792800981917,0.9057301293900185,0.14602587800369685,0.2841062784262074,0.5066560900515401,0.949685534591195,0.2830188679245283,0.38059043629653944,0.6547731862348527,0.925,0.6,0.43292741327013584,,,,
15minute,4.0,above,oversold(<30),2,0.6229962477603878,1.0,0.0,0.0,-1.9874431136897823,1.0,0.0,1.22822710762332,0.8558139534883763,1.0,0.0,0.0,,,,
15minute,4.0,below,neutral(30-70),514,0.08432519764662463,0.7704402515723271,0.0220125786163522,0.51918562325957,-0.21498897849884283,0.8461538461538461,0.09230769230769231,0.7511309212712128,1.0767977500487127,1.0,0.3333333333333333,0.2672635026102311,,,,
15minute,4.0,below,overbought(>70),8,-0.10686184012049252,0.4,0.2,0.9113340020301687,-0.3589917315019776,1.0,0.2,1.1676116963006002,1.9863165364142432,1.0,1.0,0.2428176551333694,,,,
15minute,4.0,below,oversold(<30),539,0.5181502429674237,0.8778409090909091,0.13920454545454544,0.38456626126267834,0.7933248051929073,0.9504504504504504,0.26126126126126126,0.48650500161051835,-0.2177223911700965,0.9545454545454546,0.4772727272727273,0.5888586285132754,,,,
1minute,1.5,above,neutral(30-70),115261,0.014457524615331362,0.6836645653025608,0.006384229084303879,0.15485446807986955,0.010821944465484333,0.7939883698708673,0.018491723315769835,0.22965545408148258,-0.0006979898243657521,0.8731808137762878,0.045546327339225846,0.3250579232076921,-0.010115975331159852,0.9307759772803208,0.10470263949214835,0.4360544216443076
1minute,1.5,above,overbought(>70),75684,0.011302460399606586,0.7005988023952096,0.014417111722500944,0.17686404469172093,0.011595768416155661,0.8126517344013606,0.03974926961745786,0.2422161290567529,0.0067067707916449604,0.893576386414492,0.09021849122757009,0.31454066970382455,0.0031724500305682158,0.9458833471572325,0.1782187514671591,0.3861487778219213
1minute,1.5,above,oversold(<30),148,-0.4102166037837538,0.7191780821917808,0.2328767123287671,0.3996202986754879,-0.6975574473978244,0.7931034482758621,0.2413793103448276,0.5492179810584813,-0.34585265358245504,0.8689655172413793,0.35172413793103446,0.6549357915512068,-0.3993521542217504,0.9424460431654677,0.4748201438848921,0.7636918764588327
1minute,1.5,below,neutral(30-70),154490,0.01845353573024619,0.6679788893683407,0.004022969429415475,0.12251992537407864,0.01466478700530447,0.7745694986204928,0.011776778069233593,0.1845578173423435,0.0046279592789475,0.8554530974336264,0.031256473075576954,0.2675862288126474,0.0010326290177217355,0.9152073732718894,0.0758806529719597,0.36805268934217966
1minute,1.5,below,overbought(>70),161,-0.11840950507562319,0.7267080745341615,0.062111801242236024,0.3453228100355179,-0.19387759606057936,0.7848101265822784,0.12025316455696203,0.48939172108535256,-0.3538709326494403,0.8157894736842105,0.14473684210526316,0.6877970157123964,-0.2312297548072167,0.8785714285714286,0.25,0.7904645065386939
1minute,1.5,below,oversold(<30),67882,0.04320409254470959,0.6807503214582861,0.008562135995764315,0.12410117553024715,0.04394334053786569,0.789675306620532,0.021502054434798728,0.17818759937011855,0.041909278028332136,0.8724658448812103,0.04974678803471691,0.24316249724136849,0.035931016960461554,0.9297541929186263,0.10739196024491969,0.3182366385439419
1minute,2.0,above,neutral(30-70),46038,0.013733813351375005,0.6926188294710496,0.0035308051576571544,0.18555168823634757,0.012203192969655831,0.8016311195619803,0.012599940436645208,0.2727311720970786,0.010022222747350155,0.8813588131024938,0.03406745501784717,0.3787326051342871,0.008422331199158622,0.9379597576806578,0.08332431847684985,0.49990027881649224
1minute,2.0,above,overbought(>70),38302,0.01461273303212595,0.7184569764646168,0.010311757005850453,0.20840123951787884,0.01928583931407152,0.8302283080112381,0.029322713510269768,0.2824471102004876,0.015773156960729694,0.9069827437940721,0.07438514017084218,0.36256199105317205,0.01964575220202803,0.9564952356508069,0.15419166479514904,0.4346767900703115
1minute,2.0,above,oversold(<30),47,-0.6112331135798429,0.8723404255319149,0.19148936170212766,0.5294135683617655,-0.987451890144796,0.8936170212765957,0.19148936170212766,0.6566050011406741,-0.5946684456293532,0.9565217391304348,0.2608695652173913,0.7472480894144821,-0.7160860888243042,1.0,0.4318181818181818,0.7154263435779802
1minute,2.0,below,neutral(30-70),60018,0.024693995617860308,0.6736863732086907,0.0027051552039995207,0.14074337157803868,0.021727153885249543,0.7802672472827519,0.007550350301136064,0.21210232652905195,0.015270529129740333,0.8634470964383969,0.02048479440850621,0.30548884975007656,0.025721246133216517,0.922833740479954,0.0548108307843902,0.41365495713784367
1minute,2.0,below,overbought(>70),55,-0.172028222764514,0.6909090909090909,0.01818181818181818,0.45483513283533444,-0.15014450111505145,0.7818181818181819,0.03636363636363636,0.5788192349646536,-0.07557985424306841,0.8867924528301887,0.07547169811320754,0.6871569554889932,0.02708041535165241,0.94,0.24,0.8151448690200387
1minute,2.0,below,oversold(<30),32018,0.06757496419757363,0.7043809769966399,0.006881623158438873,0.14434850582482392,0.07403221615475937,0.8117078659121745,0.015850954697375824,0.2057033426890407,0.08364451250265247,0.891208946772367,0.038965175537938844,0.279491759457478,0.08467392988737192,0.9417282213624106,0.08762262086215657,0.36199646956689324
1minute,3.0,above,neutral(30-70),9205,0.01811376962934393,0.6973728339854668,0.0020122973728339856,0.2503336844620798,0.009618345211718504,0.8112643678160919,0.007471264367816092,0.37248050257054355,-0.005039680981204261,0.8885034687809713,0.020564915758176414,0.5095145783425331,-0.006290903420089108,0.9473905135021687,0.05708688960402966,0.6620336178824299
1minute,3.0,above,overbought(>70),10939,0.01995459984823017,0.740364730212446,0.006204173716864072,0.27488979986542994,0.03064146948080462,0.851916545366327,0.02173702086365842,0.3696442459604512,0.020315222826993815,0.9241994750656168,0.059632545931758534,0.46969077759073136,-0.0033532882075098373,0.9659063334142198,0.12945886920650326,0.5477032393030747
1minute,3.0,above,oversold(<30),23,-0.7429212565271461,0.9565217391304348,0.08695652173913043,0.21856800735863502,-1.4230413663062478,0.9565217391304348,0.13043478260869565,0.4306081109890838,-1.1126359099033645,0.9565217391304348,0.13043478260869565,0.4662081343356201,-0.7488993619485125,0.9545454545454546,0.5,0.4429956535105503
1minute,3.0,below,neutral(30-70),10582,0.024321747470177787,0.668165819319515,0.000684395776300352,0.18713998169300552,0.010585828783037841,0.7771047849788008,0.004239854633555421,0.28219024727429687,0.006355827566827082,0.8617067359757419,0.01364522417153996,0.4100574466293705,-8.474221656599503e-05,0.9226734967678986,0.038419319429198684,0.5679978166912057
1minute,3.0,below,overbought(>70),19,-0.009612512337517523,0.7368421052631579,0.0,0.5825353113593095,-0.4020652548047931,0.7894736842105263,0.0,0.8417729803709968,-0.06461893458951709,0.9473684210526315,0.0,1.029235939394588,0.6726513462992549,1.0,0.25,0.8392971116294746
1minute,3.0,below,oversold(<30),7153,0.12096715575433321,0.7238026124818577,0.0055152394775036286,0.21717743541964907,0.15954293764857272,0.8273478587528175,0.01562734785875282,0.30564545865233406,0.20901416478318285,0.9018003273322422,0.04206219312602291,0.4021624371052956,0.22221256260783498,0.9480088495575221,0.08886430678466077,0.5142055539524397
1minute,4.0,above,neutral(30-70),2402,0.05420465187273046,0.6983718937446444,0.001713796058269066,0.29054030796287444,0.040319456050510426,0.8094606542882405,0.003978779840848806,0.4352257976035155,0.0390301278313857,0.8906627963231737,0.013062409288824383,0.5757546066310126,0.111799205822724,0.946556473829201,0.04022038567493113,0.7296634871446206
1minute,4.0,above,overbought(>70),3732,0.037764237371570884,0.746027320880959,0.005854474491218288,0.3498169035940464,0.06553669539923272,0.8515258215962441,0.02171361502347418,0.4611532071264177,0.0935855762903648,0.9269570913855224,0.05437274811660662,0.5537186823275059,0.13917394858068957,0.9654245101805609,0.10872070687668076,0.6110034637547093
1minute,4.0,above,oversold(<30),3,-0.899502853338911,1.0,0.0,0.33906490720047405,-1.1425263141379478,1.0,0.0,0.33906490720047405,-0.5652514629119009,1.0,0.0,0.33906490720047405,-0.40556958874648036,1.0,0.3333333333333333,0.41923325907309356
1minute,4.0,below,neutral(30-70),2532,0.03528003444403123,0.6521384928716905,0.000814663951120163,0.22181952609818614,0.014758665152947999,0.7638360794254331,0.0038022813688212928,0.34580527116841653,0.03241509864756012,0.8508137432188065,0.012658227848101266,0.5123632190120098,0.07159385700928446,0.9220512820512821,0.030256410256410255,0.7022235128912108
1minute,4.0,below,overbought(>70),7,0.850553596708907,0.8571428571428571,0.0,0.34143648519974945,0.4441030723822097,1.0,0.0,0.34143648519974945,0.7559996885150978,1.0,0.0,0.6006929716845535,1.0971812407071937,1.0,0.2857142857142857,0.8729329597639683
1minute,4.0,below,oversold(<30),2149,0.1803396001427319,0.7176414189837008,0.006232023010546501,0.2977756377866992,0.2365917387525375,0.8166584524396254,0.018235584031542632,0.41062540896192296,0.2375247055048028,0.8928571428571429,0.042643923240938165,0.5518967143952417,0.28998027333846327,0.946058091286307,0.0983995257854179,0.7030815498185103
5minute,1.5,above,neutral(30-70),37170,-0.006689896296234681,0.7402740214580795,0.03783398222724166,0.28097219337922746,-0.020471079727839403,0.8493456325551967,0.09820506843384728,0.38743186185374034,-0.0218283462045727,0.9242411812961444,0.2234208367514356,0.5099961567431482,0.014330419829178747,0.9698073555166374,0.4586339754816112,0.6220086553885511
5minute,1.5,above,overbought(>70),45151,0.0027224135328297043,0.7850135360007948,0.06343292849514442,0.22558619763034893,-0.005049033156685159,0.89088048547508,0.14204641231668258,0.2915956368784258,-0.006691628153392046,0.9545270816491511,0.2911614120183239,0.36810170423266647,-0.006367228491152977,0.9859941027801179,0.5408066554338669,0.46869321927924834
5minute,1.5,above,oversold(<30),116,0.23339755028266032,0.8793103448275862,0.2672413793103448,0.34269593737039833,0.7388191588858107,0.9568965517241379,0.5086206896551724,0.4390195580033117,-0.16978302712953802,0.9655172413793104,0.6379310344827587,0.5583943414907252,-0.02871867854463371,0.9913793103448276,0.7413793103448276,0.7824653930017123
5minute,1.5,below,neutral(30-70),52533,0.0057774796595107085,0.6989005817932923,0.029581622176591375,0.24046328706392228,0.0013061217340811276,0.8131765494779193,0.07531851709933901,0.34204294504131166,0.026903872677237223,0.8884347198845877,0.18126352488578984,0.4715729158409058,0.09767314219017921,0.9405872009378163,0.38541056109127725,0.614570852055477
5minute,1.5,below,overbought(>70),90,-0.3548414540635018,0.7222222222222222,0.05555555555555555,0.5412475055841172,-0.5843191113446876,0.7888888888888889,0.13333333333333333,0.7898115877671742,-0.6224429087404642,0.8488372093023255,0.26744186046511625,0.9525382696973508,-0.7394959206820608,0.8701298701298701,0.45454545454545453,1.2516121223242391
5minute,1.5,below,oversold(<30),41754,0.03261862648084927,0.7511441339578959,0.03453938512895063,0.18200226208635156,0.024327539034453706,0.8627979398730387,0.08770511438495628,0.256229125423161,0.034321257676451826,0.9373744139316812,0.20625883753814095,0.3387333511624288,0.09103573213964243,0.9795472476785823,0.43776172846998845,0.43795898388734394
5minute,2.0,above,neutral(30-70),12786,0.007371331333894888,0.7487706357569371,0.029065683175272215,0.3273581862762065,0.003101428138684787,0.8583275052452792,0.0809271655510041,0.4427563543975764,0.025523398247512707,0.9300427028384828,0.18965084149711128,0.5741877666770306,0.05855759282281545,0.9702836560108059,0.4095002251238181,0.6913257844517863
5minute,2.0,above,overbought(>70),23344,0.0019264145889137608,0.8087901234567901,0.0531358024691358,0.25946789300377016,-0.013894412420833583,0.9075988187187642,0.12289868241708314,0.33203879145994064,-0.004219497195672332,0.962323064113239,0.2640854843186234,0.4133011979539988,-0.011582696012856086,0.9868359191349318,0.5074047954866009,0.5240227946260017
5minute,2.0,above,oversold(<30),53,0.19863073163796569,0.8867924528301887,0.18867924528301888,0.34950165482077716,0.8833547510159067,0.9433962264150944,0.49056603773584906,0.48465758806614084,-0.2158746593861117,0.9622641509433962,0.660377358490566,0.6737186201340297,-0.23841901612461863,1.0,0.7547169811320755,0.9212649401713832
5minute,2.0,below,neutral(30-70),18817,0.015568108817969394,0.7123312549185786,0.01931109631333616,0.27520642705054155,0.024411146859930535,0.8230559345156889,0.054297407912687584,0.3863936665957616,0.05620988836129863,0.8932692307692308,0.1395979020979021,0.5301060464551178,0.1219648571941061,0.9373339584310049,0.3134864822628536,0.6752698471201487
5minute,2.0,below,overbought(>70),32,-0.18202735685075835,0.625,0.03125,0.524445161598078,-0.14349871272072945,0.78125,0.15625,0.7630568605791113,-0.3837991411696499,0.8387096774193549,0.25806451612903225,1.1029281245980866,-0.6196850707366024,0.8846153846153846,0.4230769230769231,1.763454419539142
5minute,2.0,below,oversold(<30),20024,0.06971390641100121,0.7853983571715779,0.027054971566431156,0.20446302781283027,0.08234216501925838,0.8868281852021158,0.07118134918043492,0.287091076049372,0.11301581046627061,0.9492074313959434,0.1775183228225669,0.37945995488528383,0.24703918367483566,0.9848001215990272,0.4024927800577595,0.4721027412003648
5minute,3.0,above,neutral(30-70),2065,0.023824922559628578,0.7523441809156095,0.019305019305019305,0.4403861924720955,0.08568646406609283,0.863837872070931,0.05636478784040532,0.5567219430740012,0.1525703615122557,0.9271089271089271,0.16052416052416052,0.7162895703762193,0.43257093473766384,0.96987087517934,0.36872309899569583,0.8030173715427324
5minute,3.0,above,overbought(>70),6450,0.019223465181750613,0.8405415569763068,0.04531778864234675,0.33850940319933936,0.01930704121864857,0.9283322170127261,0.10515740120562625,0.4154897213356692,0.0965911762778622,0.965902738960313,0.24846282839575182,0.4948298657234427,0.12406342093137329,0.9891078838174274,0.4574688796680498,0.5698250486498111
5minute,3.0,above,oversold(<30),13,0.010604756052715368,1.0,0.08333333333333333,0.17456677433299608,0.8765789264414559,1.0,0.25,0.17456677433299608,0.0926458218103297,1.0,0.5833333333333334,0.17456677433299608,0.5715740384932382,1.0,0.6666666666666666,0.2185128164465834
5minute,3.0,below,neutral(30-70),3251,0.008007622230977094,0.707796852646638,0.01251788268955651,0.36304733024005703,0.019205758368209352,0.816006600660066,0.034653465346534656,0.506271896054196,-0.013832857494779941,0.8798283261802575,0.0992489270386266,0.6913360700441303,0.016230302074400245,0.937992125984252,0.23031496062992127,0.8529548100122177
5minute,3.0,below,overbought(>70),14,-0.20690100027958,0.5714285714285714,0.0,0.5217467295070087,-0.5981091961812659,0.6428571428571429,0.07142857142857142,0.8064727984748281,-0.8197886149497797,0.7692307692307693,0.07692307692307693,1.188748820217139,-1.9772574611683311,0.9,0.3,1.9075087255116205
5minute,3.0,below,oversold(<30),4183,0.12558191800231114,0.798060467769538,0.027381631488876214,0.29483779482051237,0.18326014218383435,0.8914830647813219,0.07037158829332456,0.40803317065174805,0.28023733780126,0.9545045045045045,0.17567567567567569,0.5356523535004934,0.3218735483457714,0.9835315645013724,0.36596523330283626,0.6577540443042212
5minute,4.0,above,neutral(30-70),477,0.06155947131170842,0.7535885167464115,0.009569377990430622,0.5086530275096812,0.25182569423950957,0.8482384823848238,0.056910569105691054,0.6374819309366107,0.2694830582708661,0.9157894736842105,0.16842105263157894,0.8547552814463858,0.36769801027693244,0.9642857142857143,0.35714285714285715,1.0310649974648358
5minute,4.0,above,overbought(>70),2096,0.15407482160770666,0.8519447929736512,0.04956085319949812,0.38014370787701474,0.13607789549736438,0.9300911854103343,0.0919452887537994,0.46662597640792,0.3822911004083353,0.9641434262948207,0.21812749003984064,0.5119504776723953,0.5586914089066365,0.978448275862069,0.4202586206896552,0.5979914678127223
5minute,4.0,above,oversold(<30),5,0.7609850469809438,1.0,0.0,0.0,1.3974119463105725,1.0,0.4,0.0,0.24068585947629914,1.0,0.4,0.0,0.33042131275995185,1.0,0.4,0.0
5minute,4.0,below,neutral(30-70),789,-0.018310600038588507,0.6868537666174298,0.007385524372230428,0.4548975766990108,-0.041255920468462715,0.8209982788296041,0.024096385542168676,0.6149997249853935,-0.2366562696770963,0.8929384965831435,0.04555808656036447,0.8600689814027829,-0.04559651267861933,0.9436619718309859,0.18779342723004694,0.9735630629923842
5minute,4.0,below,overbought(>70),4,0.17466915771425334,0.75,0.0,0.21399368762869542,-0.037408535045778187,0.75,0.0,0.3224718352124163,-1.7551762234193171,0.75,0.0,1.35245174393488,-3.3357023308474245,0.5,0.0,3.5604673377261236
5minute,4.0,below,oversold(<30),1187,0.18249995596675492,0.7869177403369673,0.03369672943508424,0.42785616400767745,0.39796153786864386,0.8955732122587968,0.09080590238365494,0.5765322894321522,0.4509047914986176,0.9458646616541353,0.17443609022556392,0.6958710714255364,0.40143729143540247,0.980327868852459,0.3442622950819672,0.8522608800012712
