timeframe,threshold,direction,adx_bucket,n_events,ret_5,band_exit_5,full_reversion_5,adverse_excursion_5,ret_10,band_exit_10,full_reversion_10,adverse_excursion_10,ret_20,band_exit_20,full_reversion_20,adverse_excursion_20,ret_40,band_exit_40,full_reversion_40,adverse_excursion_40
15minute,1.5,above,moderate(20-40),25549,-0.015767072432115753,0.838102575390711,0.1405458947831829,0.27389213182727373,-0.010093920810808463,0.9256622263053131,0.3230745674475578,0.3572799309537622,0.02751886246966697,0.979916067146283,0.664568345323741,0.45165413777217056,,,,
15minute,1.5,above,strong(>40),13741,-0.04715767553489167,0.8205025528080889,0.14135549104014417,0.32959714826573655,-0.04718741844349376,0.9192142758334486,0.31816295476552775,0.44660583610575233,-0.04431376421201974,0.9688295165394402,0.6424936386768448,0.5758953274482486,,,,
15minute,1.5,above,weak(<20),5166,0.046439998222305476,0.8546046787089132,0.14154575066627184,0.24585909743059312,0.10503819298641968,0.9395532194480947,0.3346473937801139,0.2988122114924014,0.06397968138262129,0.9911504424778761,0.6902654867256637,0.3809876045785934,,,,
15minute,1.5,below,moderate(20-40),30206,0.01534930836623358,0.7858600853590647,0.09718871775839673,0.27770395542308673,0.04242157639094106,0.8891953713670614,0.23896663078579117,0.37677422531998106,0.08447723678732423,0.9544776119402985,0.5348258706467661,0.4817405620970884,,,,
15minute,1.5,below,strong(>40),13051,0.03278234379363357,0.7670686835650041,0.11529026982829109,0.30623123337528607,0.05556926538725315,0.8698519712736333,0.26410669793346037,0.44469270172394987,0.3321243791358135,0.9394921663965424,0.5607779578606159,0.5333742776654874,,,,
15minute,1.5,below,weak(<20),8152,0.0119104179817425,0.7895040369088812,0.08881199538638986,0.2588572929551163,0.0043602254859226785,0.897952948365414,0.22212037885731745,0.34560666211370866,0.034632417323665024,0.9745547073791349,0.5127226463104325,0.42365956608396743,,,,
15minute,2.0,above,moderate(20-40),10791,0.02359469499728878,0.8678414096916299,0.13215859030837004,0.2845790638112895,-0.0006342645199042279,0.9397064656882189,0.29789765965886555,0.3754680424133318,0.04250102557538641,0.9810640216411182,0.6429215509467989,0.49746881115600516,,,,
15minute,2.0,above,strong(>40),6988,-0.052291992748439715,0.8503694581280788,0.1330049261083744,0.35994043546504967,-0.02569628647420254,0.9321984150278838,0.3020252421485178,0.46716701660778326,-0.11878878597995378,0.9655712050078247,0.5837245696400626,0.6428867882640502,,,,
15minute,2.0,above,weak(<20),1601,0.07308066634220814,0.878625134264232,0.1267454350161117,0.24995488499245871,0.22009132972020454,0.966996699669967,0.3118811881188119,0.2881764247980949,-0.0590520656001228,0.9929078014184397,0.6808510638297872,0.4285991654766564,,,,
15minute,2.0,below,moderate(20-40),12086,0.07594076629488161,0.8066148340120943,0.0808342589164507,0.29721182272954094,0.09326776004448172,0.8991485335856196,0.20056764427625354,0.40693363946087796,0.15334879089750425,0.9531615925058547,0.501951600312256,0.5050123562101012,,,,
15minute,2.0,below,strong(>40),5976,0.04517757617026265,0.7990045034368334,0.09338705854467884,0.34446356765400915,0.11736420428276624,0.8798809966530309,0.23391595388620304,0.48872517935795706,0.3028737356280564,0.9401197604790419,0.5209580838323353,0.6195461654639723,,,,
15minute,2.0,below,weak(<20),2479,0.04012099832471049,0.7950600801068091,0.07142857142857142,0.27330268380657047,0.07249923340513847,0.9043869516310461,0.1766029246344207,0.34722849049563237,0.004814241233713425,0.9846153846153847,0.441025641025641,0.4170765242919576,,,,
15minute,3.0,above,moderate(20-40),2239,0.1235221037822448,0.9023668639053254,0.11612426035502958,0.31650904563116,0.21439749144408027,0.9529276693455798,0.25602755453501724,0.41260306533092145,0.6075272710030408,0.9864864864864865,0.5337837837837838,0.43057410786285694,,,,
15minute,3.0,above,strong(>40),2039,0.09028896011183865,0.875186846038864,0.14050822122571002,0.39375821080056117,0.1841574010951423,0.9326599326599326,0.31200897867564537,0.49135663169712657,0.3549080891719596,0.9432624113475178,0.6099290780141844,0.7067484109433269,,,,
15minute,3.0,above,weak(<20),238,0.1434771767006371,0.9074074074074074,0.1388888888888889,0.3669061676925755,0.4129015463508506,0.9682539682539683,0.2698412698412698,0.4218578725500116,-2.2726543888395123,1.0,0.4166666666666667,1.0328278531567336,,,,
15minute,3.0,below,moderate(20-40),2226,0.20043476679336666,0.815712187958884,0.08223201174743025,0.3874118345412014,0.057727070290568804,0.891566265060241,0.1674698795180723,0.5428632937491494,-0.3391944438297905,0.9473684210526315,0.39473684210526316,0.6857869914114181,,,,
15minute,3.0,below,strong(>40),1222,0.11843709897730267,0.8050239234449761,0.09928229665071771,0.5057739094408252,-0.0393374486067112,0.8754789272030651,0.22030651340996169,0.7475740204220371,0.24303008535986534,0.9711538461538461,0.47115384615384615,0.8012487798662146,,,,
15minute,3.0,below,weak(<20),360,0.11800907998516018,0.7564766839378239,0.05699481865284974,0.3823489258871374,0.19554114706128378,0.8811881188118812,0.1485148514851485,0.46116092461666625,0.8743384406793662,1.0,0.4375,0.2409874552726214,,,,
15minute,4.0,above,moderate(20-40),542,0.3235486665587352,0.8877551020408163,0.11904761904761904,0.34505653689772614,0.2734215312468567,0.9657142857142857,0.2342857142857143,0.42980412623784264,0.846564120813455,0.9090909090909091,0.45454545454545453,0.3085490285615782,,,,
15minute,4.0,above,strong(>40),737,0.2883606520293917,0.8755868544600939,0.11737089201877934,0.3732430294410144,0.34454887364998626,0.9272030651340997,0.24521072796934865,0.5226779918588516,0.276957242726949,0.967741935483871,0.5806451612903226,0.54784523421995,,,,
15minute,4.0,above,weak(<20),41,-0.6630855904744534,0.6842105263157895,0.10526315789473684,0.6092805469981575,0.14553728436938385,1.0,0.0,0.32610426756514305,,,,,,,,
15minute,4.0,below,moderate(20-40),610,0.34192136806436574,0.8058510638297872,0.07446808510638298,0.40735609501254477,0.3110061012862142,0.9039301310043668,0.15283842794759825,0.5796358264102626,0.012088688772909407,1.0,0.43243243243243246,0.3920066043192332,,,,
15minute,4.0,below,strong(>40),365,0.2581784829757044,0.8549019607843137,0.10196078431372549,0.5186259312681201,0.3588633757500321,0.9,0.22941176470588234,0.6651366114999842,0.6456274270680473,0.9428571428571428,0.45714285714285713,0.5641368944629984,,,,
15minute,4.0,below,weak(<20),78,0.45760594067005894,0.85,0.075,0.38735039878352306,0.0371826755408364,0.9047619047619048,0.14285714285714285,0.549015223736161,0.9131347327065793,1.0,0.25,0.041071094285303644,,,,
1minute,1.5,above,moderate(20-40),101536,0.010880348611271072,0.6818953152461567,0.009656370578372155,0.16791455595326768,0.00700932956666941,0.7946143219447823,0.026134559475453102,0.24106128872969737,-0.007467762970162069,0.8754090243692414,0.061041505209678805,0.3308309697502382,-0.014199898195890757,0.9336557495584558,0.12961843462181288,0.42888721859229667
1minute,1.5,above,strong(>40),57130,0.015484375556010167,0.7199393073902178,0.012834701892181364,0.16632322161234114,0.01661939430321996,0.8289418653283145,0.036531922244649316,0.2331250944561084,0.016719137615596562,0.9061311022355146,0.08586193189346761,0.30925341956061186,0.008902458669183447,0.9522920726079377,0.17239257512050046,0.3875872312403936
1minute,1.5,above,weak(<20),32395,0.015062856435238385,0.6648281983010016,0.004564473183720046,0.14593697903676242,0.01188986957144461,0.7738711346875404,0.01355285289170656,0.21794026010426615,0.006454043988038912,0.8556966311156256,0.03213136956153716,0.31061488492835326,-0.001219174646373709,0.9186543654365437,0.07980798079807981,0.42817119408836773
1minute,1.5,below,moderate(20-40),120851,0.024610436140156688,0.6672956616347069,0.005524955800353597,0.12720233331345293,0.022637496932223375,0.7747420660833224,0.014957990509773192,0.1877869997976895,0.015333608445008537,0.8564849287112876,0.03782760173924234,0.2670528494938452,0.01248841963743186,0.9163925965654378,0.08750341533510762,0.3624781856869473
1minute,1.5,below,strong(>40),57018,0.03688870009317353,0.6964765251869874,0.0072992700729927005,0.11749999730422125,0.03815897703822403,0.8051409618573798,0.019458264234383637,0.17258557916661987,0.028473225810233566,0.8842022177729862,0.044355459725858616,0.24172568796645327,0.01725123812969209,0.9375038596924598,0.09588505321229338,0.3220413663925888
1minute,1.5,below,weak(<20),44643,0.015550744882879549,0.6532105058632592,0.002903056209568656,0.1192628566372791,0.007386289462717684,0.7583209024799552,0.008600596680962148,0.18221114041379333,0.0010675198104271098,0.8416139938262531,0.02528296339850066,0.2661062654610622,0.0017649678561166091,0.9047875781755446,0.06709618287686003,0.36837616168135573
1minute,2.0,above,moderate(20-40),42170,0.012915540268997784,0.6934768841038632,0.0068446436400837925,0.20075962910998363,0.012810305121203961,0.803030303030303,0.01936303827751196,0.2853732016354176,0.005715088151951035,0.8843238406064116,0.04748118123914302,0.38242198042557124,0.013896559563174333,0.9408659234353801,0.10714917713678995,0.48488336089729345
1minute,2.0,above,strong(>40),30672,0.016134109322132478,0.732293718903396,0.00808094299929876,0.19625330484419215,0.019307421575753922,0.8425967096487328,0.02578923966207203,0.2711537567823008,0.023326404314096893,0.9163843436891804,0.06970374107979528,0.3544333371121103,0.013257870956640005,0.9623970395129521,0.14627352671998728,0.4374493379381076
1minute,2.0,above,weak(<20),11526,0.011548667430922935,0.6704433937014899,0.002676420733339281,0.17819199976459738,0.012480139842716368,0.7832346241457859,0.00929384965831435,0.262711431974698,0.010063344670108077,0.8632676709154113,0.025685592893008882,0.374329252193038,0.012992305159300754,0.9235738530603307,0.06438191174860397,0.5021688786732276
1minute,2.0,below,moderate(20-40),48397,0.03742058989047481,0.6761829686601188,0.004261030743336813,0.14687214832186846,0.03655013796119062,0.7834546686779913,0.010931112131348243,0.21724656265799086,0.03182144860690783,0.8666666666666667,0.02727272727272727,0.30799513893362257,0.03304157118861485,0.9241836867438532,0.06449850396773774,0.4142412320122538
1minute,2.0,below,strong(>40),27410,0.05404760514242342,0.7172036932353495,0.005313736574335783,0.1372141335029354,0.06218543682576881,0.82593222961473,0.012803651555005416,0.19888281772896865,0.0701797729963286,0.9017707438760071,0.0329611908559277,0.2745820791451886,0.08518260241825854,0.9509738969126805,0.07932511814849168,0.3567856845552031
1minute,2.0,below,weak(<20),16273,0.021088010773390693,0.6536312849162011,0.001945891657774151,0.1362600522930467,0.012315423697185067,0.7563536265283912,0.005057294667434863,0.20729268300740628,0.006806489422329754,0.8437690794383014,0.015534902652465911,0.30026904441427804,0.01668819520637352,0.9073361984468069,0.0486315313277539,0.4101624663487591
1minute,3.0,above,moderate(20-40),8730,0.011469902010625005,0.6923439896189689,0.004836616727615902,0.27724190156783296,0.015224508237226401,0.8128491620111732,0.015180957007529755,0.38753656271764875,-0.003564307201440172,0.8929510783798001,0.03577064702788006,0.5112757289764202,-0.0024734786295814554,0.9493920972644377,0.0831306990881459,0.6390865931930811
1minute,3.0,above,strong(>40),9480,0.018810110749425697,0.7543973941368078,0.004451682953311618,0.2592128611832744,0.015775289137457287,0.8603139013452915,0.017152466367713004,0.36183720379934375,0.0016568607907465282,0.9307422206078217,0.051822254510231265,0.4679977938359555,-0.026553269697866744,0.9696969696969697,0.11860688331276567,0.5583805114695377
1minute,3.0,above,weak(<20),1949,0.048028263760870035,0.6875981161695447,0.0020931449502878076,0.22096619872287118,0.05444872716200428,0.7963558413719185,0.006430868167202572,0.338116200933906,0.08666539170939613,0.8656375071469411,0.019439679817038306,0.47544654671550124,0.08585106276454846,0.9333333333333333,0.046405228758169936,0.6296957260172656
1minute,3.0,below,moderate(20-40),8924,0.05473065203225902,0.6779326364692219,0.0018583042973286876,0.2038274454797618,0.050833019256481635,0.7848970251716247,0.007226303745634108,0.2989747130448784,0.0618724532325914,0.8663793103448276,0.02233542319749216,0.4229256485893387,0.07415939270696367,0.9253665037760995,0.05553087516659263,0.5662620853472466
1minute,3.0,below,strong(>40),6049,0.09769059326733821,0.7301151004981962,0.004466586497165435,0.20374275663310754,0.13613659601611516,0.8389785422947331,0.013832239758822485,0.290292267636404,0.17802779220006806,0.9113300492610837,0.0365668813944676,0.38889854889495645,0.18812310224233392,0.9543646640150723,0.07808247854301863,0.5096438688882143
1minute,3.0,below,weak(<20),2777,0.013189083084916545,0.6458179126572909,0.0011102886750555144,0.17766957295084845,-0.012195996796437325,0.7471526195899773,0.0030372057706909645,0.27547885656271853,-0.0344288680962715,0.8408247422680413,0.007835051546391752,0.400617219511649,-0.09103586296024838,0.9078384798099762,0.024228028503562947,0.5699481148181429
1minute,4.0,above,moderate(20-40),2344,0.03475306966019558,0.6940133037694013,0.004878048780487805,0.3312124184819356,0.048681461286515834,0.8028492647058824,0.011948529411764705,0.46774556397958156,0.03315739546149465,0.8910485933503837,0.02659846547314578,0.6097802433987561,0.13505300554174268,0.9443436176648518,0.05747126436781609,0.7148953062856616
1minute,4.0,above,strong(>40),3334,0.060303036984048465,0.7645962732919255,0.004347826086956522,0.324171257964444,0.07196597069392419,0.8700490998363338,0.0176759410801964,0.43743905204909034,0.10833875079153393,0.9387237128353879,0.048948513415518494,0.5226132174774042,0.14431261485876262,0.9721645201495638,0.10344827586206896,0.5950586931862918
1minute,4.0,above,weak(<20),451,-0.011082229357097052,0.6258503401360545,0.0,0.3102521042285054,-0.007507437590991731,0.7488479262672811,0.0069124423963133645,0.44933791776231774,0.025608856007615755,0.8383084577114428,0.014925373134328358,0.5924646204110366,-0.0016883062281985212,0.9235127478753541,0.036827195467422094,0.8241511814716692
1minute,4.0,below,moderate(20-40),2199,0.056974781193649404,0.667292351008916,0.0014077897700610043,0.25705250021431814,0.03950611280951605,0.7639296187683284,0.005865102639296188,0.38242483555521906,0.048467159510812145,0.8463583200425305,0.01648059542796385,0.5474069426159265,0.12580345933235498,0.9245742092457421,0.045012165450121655,0.7194571528307643
1minute,4.0,below,strong(>40),1878,0.18350854882637363,0.7316136114160263,0.006586169045005488,0.27136074670995225,0.2462119788773368,0.8412429378531073,0.0192090395480226,0.38664254772213946,0.2621796711110485,0.9123123123123124,0.04504504504504504,0.5324386670374095,0.30176239289117024,0.9553512803676953,0.09455022980958634,0.6959980935067145
1minute,4.0,below,weak(<20),607,0.00995769552343065,0.5854483925549916,0.0,0.2125425307383388,0.00263870110814502,0.7152658662092625,0.0,0.31943997513092753,-0.019974437959572433,0.8238532110091743,0.003669724770642202,0.4675689000743777,-0.08111620565762946,0.8921775898520085,0.014799154334038054,0.669872436558315
5minute,1.5,above,moderate(20-40),45813,0.0002100637971531531,0.7641449147126775,0.055522784250110604,0.25447277086466485,-0.014053310726434969,0.8696284284396231,0.12483574244415244,0.3378522533713799,-0.019117309271507905,0.9386853817185895,0.2608695652173913,0.4276042888669434,0.013053377324131121,0.9792464347150547,0.5058542811164752,0.5092207438733773
5minute,1.5,above,strong(>40),29711,-0.004544590259785472,0.7742978973680341,0.04918394353771504,0.23840088637794637,-0.013129527175728952,0.8819306428716285,0.12163861285743256,0.3249643810696858,-0.01649164377238606,0.9482674949043968,0.265408133553334,0.42959372700577425,-0.019434997552085595,0.9797728333592656,0.5142368134432861,0.5656596493238331
5minute,1.5,above,weak(<20),6887,0.004923314633436389,0.7271685761047463,0.04271685761047463,0.2825802672607954,0.023196301134156785,0.8423738423738424,0.11264411264411264,0.3693283288405416,0.03443165697226769,0.921234454168586,0.24619990787655457,0.47626762224076913,0.04686753425594351,0.9742143432715552,0.47058823529411764,0.5601418922573279
5minute,1.5,below,moderate(20-40),55306,0.017101033950652936,0.722791135870233,0.031642977102363495,0.21859807474037604,0.009333148243877558,0.83541461402745,0.0814563618449694,0.3082343303227393,0.03463077682962213,0.9105031697983894,0.19390027985607403,0.41378530098329025,0.10353816877951787,0.9582790091264668,0.40562074460379544,0.5272627947755572
5minute,1.5,below,strong(>40),25070,0.02261610022483007,0.7389484697881246,0.034571453483302816,0.19668355398821027,0.02195478434290532,0.8524598078501424,0.08738473422488292,0.28018816068385394,0.03202052002687307,0.9240301724137931,0.20474137931034483,0.38572778989609113,0.06277714780865432,0.9645845495232536,0.4330609067912045,0.5256323172581499
5minute,1.5,below,weak(<20),13971,0.00761511531583428,0.6870592094472692,0.02722650483844514,0.2343384969700571,-0.004791402785640446,0.8010316875460575,0.06623065585851143,0.3356635652548752,0.002762710627673871,0.8817216981132076,0.16285377358490566,0.4631522004023036,0.11901801649057844,0.945864312267658,0.37685873605947956,0.5795835298462171
5minute,2.0,above,moderate(20-40),17965,0.003749285773698537,0.7834131194203648,0.04683658946823651,0.29533271068858197,-0.016843561098399063,0.8842752211062809,0.10748013791035826,0.3799886920346278,3.5582837231145834e-05,0.9479330435586794,0.23286784426153703,0.46797964625505173,0.03212517394590639,0.9820816453723902,0.46556559675911496,0.5521206404529752
5minute,2.0,above,strong(>40),16090,0.0025327797367179386,0.7965476439061738,0.043084847219322056,0.2659684067511463,-0.0052538571496610455,0.8996072270227808,0.10942655145326001,0.3577831783378499,-0.002968411151050109,0.9573951863354038,0.2452445652173913,0.4653702917346806,-0.027198236926373145,0.9813020567737549,0.4885262621111678,0.6124258092537815
5minute,2.0,above,weak(<20),2105,0.02386171063758581,0.7504069451980466,0.040151926207270754,0.3287627474710873,0.08567759731889037,0.8603174603174604,0.10857142857142857,0.41973767936792283,0.12964812959554742,0.9246309246309247,0.23543123543123542,0.5333165751123007,0.19374817050884355,0.9764359351988218,0.45508100147275404,0.592257962671013
5minute,2.0,below,moderate(20-40),21221,0.04181786257410994,0.7412027453971021,0.023205142172349928,0.24844097002871224,0.04846165735555532,0.8490949390469154,0.06316956039896564,0.34826517307373756,0.07731158986516896,0.9162155801365027,0.15478151721973799,0.46105760984677896,0.14608075832755354,0.9558048384916881,0.336937423976213,0.573135183513646
5minute,2.0,below,strong(>40),12870,0.051725929128368986,0.7789949573987133,0.024952182229177534,0.21593072461968074,0.07447837869260676,0.8839893459603433,0.0681661240998323,0.3037733613114051,0.10031299814151567,0.9443210037903542,0.17657822506861848,0.4233896526469492,0.2210160501979552,0.9748874674247808,0.41127694859038144,0.5555797209503213
5minute,2.0,below,weak(<20),4768,0.02385377451496451,0.7058247674987763,0.01908957415565345,0.2626845279715116,0.01802231811272255,0.8045404208194906,0.047619047619047616,0.37191944364107293,0.07457548101112615,0.882921589688507,0.1292517006802721,0.509117204375673,0.28352352100253253,0.948905109489051,0.31605839416058396,0.6302873030154812
5minute,3.0,above,moderate(20-40),3562,0.0473259112474811,0.8106779065683175,0.04390586582367404,0.3956882835197268,0.05282526556710563,0.9052854122621564,0.09217758985200845,0.46640383103690797,0.16321002772141965,0.9530666666666666,0.21813333333333335,0.5534085911475607,0.3617439493312454,0.9855072463768116,0.4121376811594203,0.5960909816370108
5minute,3.0,above,strong(>40),4642,-0.012286073376546821,0.8254047322540473,0.034869240348692404,0.3428681269927833,0.01734510136398315,0.9178478449522708,0.09401214926236622,0.43889767240811955,0.056579073389589944,0.9594001463057791,0.23555230431602048,0.5427797813291416,0.0844042323792136,0.9831460674157303,0.45786516853932585,0.6463316699444883
5minute,3.0,above,weak(<20),310,0.2437595206376111,0.8052434456928839,0.0449438202247191,0.32649713073889136,0.2153822949951821,0.8888888888888888,0.0811965811965812,0.47181184289263145,0.418112565702406,0.9468085106382979,0.19680851063829788,0.5982559186339399,0.5903582824184028,0.9894736842105263,0.4,0.6183463107764242
5minute,3.0,below,moderate(20-40),3854,0.05416721632587967,0.7429274292742928,0.01783517835178352,0.34352093032443937,0.0798560591960545,0.8437281009110021,0.04835318850735809,0.47498256421889967,0.11615616780446276,0.9067758071850841,0.12914961346066395,0.615760316277721,0.07487028729073425,0.9552609776304888,0.2593206296603148,0.7482078426421382
5minute,3.0,below,strong(>40),2748,0.11235832807916468,0.7903019991492982,0.026371756699276903,0.2976924558052343,0.17285170925572613,0.8872889771598809,0.07000993048659385,0.42037689039074244,0.23514165633462536,0.9483960948396095,0.18131101813110181,0.5914293208998885,0.344831919274689,0.9774011299435028,0.384180790960452,0.7427499089545319
5minute,3.0,below,weak(<20),837,0.01961410758280898,0.7159090909090909,0.015625,0.3371302669212541,0.016114900797308776,0.8222591362126246,0.029900332225913623,0.4562855943536133,-0.02367814745125233,0.8945054945054945,0.06373626373626373,0.632050946337897,0.11888347192972461,0.9435897435897436,0.2512820512820513,0.8373834309457839
5minute,4.0,above,moderate(20-40),910,0.182144970584996,0.8105263157894737,0.04661654135338346,0.465470937751212,0.13280794089159154,0.8903345724907064,0.08736059479553904,0.5752331704622301,0.26593032803165,0.9436274509803921,0.20588235294117646,0.6449679412409931,0.6856608946780038,0.9759615384615384,0.41346153846153844,0.6844005558095458
5minute,4.0,above,strong(>40),1588,0.10681257046473125,0.848012470771629,0.036632891660171474,0.3674365595025494,0.18435564576097369,0.9304666056724611,0.08417200365965233,0.45473017615689937,0.41290386112044036,0.9606674612634089,0.21096543504171633,0.5377903779347046,0.48908565317476854,0.9759358288770054,0.4090909090909091,0.651206240382345
5minute,4.0,above,weak(<20),73,0.31221511799412566,0.7741935483870968,0.08064516129032258,0.5167218440593525,0.21829120147753248,0.8076923076923077,0.09615384615384616,0.7132586343658425,0.34858569316688703,0.925,0.2,0.8821329268724097,0.4183669188529372,1.0,0.4,1.050856078139901
5minute,4.0,below,moderate(20-40),1033,0.1020312084479583,0.7142857142857143,0.019585253456221197,0.4424345288655591,0.17456724572315443,0.8491321762349799,0.04672897196261682,0.5758442734688096,0.06975735779268893,0.9192439862542955,0.07560137457044673,0.7099438577355867,-0.08495753876293163,0.9565217391304348,0.15942028985507245,0.8405864859362756
5minute,4.0,below,strong(>40),786,0.15294857483820765,0.7991391678622669,0.03156384505021521,0.42418069244273443,0.3469298697190882,0.8919803600654664,0.09492635024549918,0.5942542970030406,0.40396313992723487,0.9410430839002267,0.20408163265306123,0.791580035918503,0.7089367307294269,0.9805825242718447,0.44660194174757284,0.924843301307788
5minute,4.0,below,weak(<20),158,-0.19320614812159972,0.6721311475409836,0.0,0.4982776533669042,-0.16004730745397241,0.8252427184466019,0.009708737864077669,0.6998196309636416,-0.35369399197280493,0.8658536585365854,0.024390243902439025,1.017179451299188,-0.3203742046576766,0.9142857142857143,0.2571428571428571,1.4308390469754875
