timeframe,threshold,direction,vol_bucket,n_events,ret_5,band_exit_5,full_reversion_5,adverse_excursion_5,ret_10,band_exit_10,full_reversion_10,adverse_excursion_10,ret_20,band_exit_20,full_reversion_20,adverse_excursion_20,ret_40,band_exit_40,full_reversion_40,adverse_excursion_40
15minute,1.5,above,high(>1.5x),23789,-0.0074306860972233576,0.8666621336778405,0.20384850751342898,0.26097379495303064,0.016031291635721284,0.9423043402475161,0.4023008541049329,0.34452254622326156,0.03924656931828705,0.978759765625,0.682373046875,0.46672003162595554,,,,
15minute,1.5,above,low(<0.8x),9848,-0.019406797555831353,0.7948568088836937,0.07270601987142022,0.32464054236874523,-0.029956523738676646,0.9,0.21522556390977443,0.4332938422902216,-0.03821592701118508,0.9633251833740831,0.5990220048899756,0.5338264226816667,,,,
15minute,1.5,above,normal(0.8-1.5x),10847,-0.04041463942647053,0.8173367137510564,0.099601593625498,0.3009190052181775,-0.04527775106488988,0.9136976824628157,0.2634036665513663,0.4020912117479344,-0.08997787330883363,0.9804123711340206,0.5958762886597938,0.5183890670508847,,,,
15minute,1.5,below,high(>1.5x),16811,0.039527974764465776,0.8109987357774968,0.15764854614412135,0.2828975459294506,0.08711017217206726,0.9019284654689302,0.3205867809461019,0.3794592380891406,0.20137339760385733,0.9506933744221879,0.5617873651771957,0.49915569800191384,,,,
15minute,1.5,below,low(<0.8x),20563,0.01299657467924497,0.7632588209511286,0.07675871137409598,0.28946749245413084,0.025855857713657004,0.8724102209944752,0.20174378453038674,0.4090468487111232,0.13264010033290694,0.9549689440993789,0.5031055900621118,0.4753700443385029,,,,
15minute,1.5,below,normal(0.8-1.5x),14057,0.0160189535035696,0.7906036391643401,0.09993260806777703,0.27053376578748156,0.026795404100816368,0.8911378555798687,0.24603391684901532,0.372749427153505,0.06724479688012444,0.9543958627174424,0.5265632346027268,0.4873921865649624,,,,
15minute,2.0,above,high(>1.5x),11833,0.015601515697645108,0.8908625834872815,0.18630098053147648,0.2755792191520259,0.034685420219493834,0.9538084464555053,0.3766968325791855,0.3629357472055887,-0.06762060384592285,0.9785809906291834,0.6365461847389559,0.5540094506304465,,,,
15minute,2.0,above,low(<0.8x),3312,0.002137692666635115,0.8188838188838189,0.061074061074061076,0.3650237506902685,-0.03786016741758068,0.9002403846153846,0.16947115384615385,0.49776698250963897,0.24951866085495883,0.9545454545454546,0.5272727272727272,0.4743247034065032,,,,
15minute,2.0,above,normal(0.8-1.5x),4252,-0.04123535402959337,0.8369462770970783,0.07571473452717561,0.338057607388334,-0.03753809974981422,0.9310014374700527,0.21082894106372785,0.4341578087129374,0.12799786429494378,0.9754385964912281,0.6070175438596491,0.5019797017134875,,,,
15minute,2.0,below,high(>1.5x),7502,0.08295823330148691,0.8418879056047197,0.13805309734513274,0.3046764136755171,0.09904992956247968,0.9069298952457695,0.2808219178082192,0.41909738307481126,0.25706623442196674,0.9464285714285714,0.5340136054421769,0.561590828474567,,,,
15minute,2.0,below,low(<0.8x),7397,0.04137488245649374,0.7751091703056768,0.05723643169058016,0.31613323374157626,0.09455666308786796,0.8809332260659695,0.16331456154465004,0.43710827753366677,0.11453478786304945,0.9607250755287009,0.42900302114803623,0.5287348218180914,,,,
15minute,2.0,below,normal(0.8-1.5x),5654,0.07995750199065099,0.8148148148148148,0.07979120059656973,0.30130460081010313,0.1028989068530983,0.8997739261492087,0.20346646571213264,0.415891732617256,0.07609858900619616,0.9577464788732394,0.48043818466353677,0.49456132552284654,,,,
15minute,3.0,above,high(>1.5x),3246,0.11354187456099585,0.9084390512961942,0.1709873138444567,0.3197248727542644,0.23086971338921825,0.9511426319936959,0.34278959810874704,0.4002772156341178,0.3211232560779883,0.9727626459143969,0.5758754863813229,0.5568827804049862,,,,
15minute,3.0,above,low(<0.8x),581,0.07086934053470478,0.837160751565762,0.04384133611691023,0.4511294493605908,0.16662221475196795,0.9140625,0.12109375,0.5964610406044236,0.438082275162463,0.8823529411764706,0.4117647058823529,1.0649275683047623,,,,
15minute,3.0,above,normal(0.8-1.5x),697,0.12653741157407053,0.8700787401574803,0.05708661417322835,0.3938399094775406,0.13736101192082523,0.9366666666666666,0.17333333333333334,0.5436908722719838,0.8410425379932347,0.9629629629629629,0.5555555555555556,0.5388068488640857,,,,
15minute,3.0,below,high(>1.5x),1568,0.2970719736339383,0.8642765685019206,0.15492957746478872,0.3979268941054197,0.13674140644079066,0.9212007504690432,0.2851782363977486,0.556479530126379,0.038849616149296974,0.9540816326530612,0.4846938775510204,0.7182625558774471,,,,
15minute,3.0,below,low(<0.8x),1194,-0.0016142103439443513,0.7601668404588112,0.03336809176225235,0.4641326623304148,-0.13506966204974796,0.8537549407114624,0.08893280632411067,0.6705828520608557,0.05730869748064209,0.9090909090909091,0.4090909090909091,0.6758046739861244,,,,
15minute,3.0,below,normal(0.8-1.5x),1053,0.2580223108648682,0.8085758039816233,0.08269525267993874,0.4110124382276619,0.09855489960133805,0.8771084337349397,0.17349397590361446,0.6067819507212416,-0.43055854269931937,1.0,0.21818181818181817,0.6988841698323442,,,,
15minute,4.0,above,high(>1.5x),1000,0.3676734212721384,0.9036144578313253,0.15461847389558234,0.29391664844003196,0.42290159972676317,0.9424920127795527,0.28753993610223644,0.39276387423925446,0.5946068200623119,0.9347826086956522,0.5652173913043478,0.3806362998638047,,,,
15minute,4.0,above,low(<0.8x),139,0.17729360894491586,0.7657657657657657,0.05405405405405406,0.5563971869591083,0.21520352849626265,0.94,0.16,0.7508306852732357,1.9581530382697558,1.0,0.25,0.4926199744439479,,,,
15minute,4.0,above,normal(0.8-1.5x),188,0.02694861513649087,0.8625954198473282,0.030534351145038167,0.4877397260089442,-0.05416990197322476,0.95,0.0875,0.6680097617398787,-2.658146897837981,1.0,0.3333333333333333,1.4305103992207882,,,,
15minute,4.0,below,high(>1.5x),480,0.518134210915991,0.8847583643122676,0.15985130111524162,0.44718011525149276,0.4275144037153044,0.9,0.255,0.5762532104590189,0.7170564247779179,0.9833333333333333,0.48333333333333334,0.44148833561706624,,,,
15minute,4.0,below,low(<0.8x),303,0.1118735679571734,0.7866108786610879,0.016736401673640166,0.42645164943267755,0.1625854253506147,0.905982905982906,0.06837606837606838,0.6477704405183329,0.24905037519651896,1.0,0.5,0.2853675362811871,,,,
15minute,4.0,below,normal(0.8-1.5x),274,0.27600435241804105,0.7865853658536586,0.06097560975609756,0.4829314867491778,0.2765304053332356,0.9029126213592233,0.17475728155339806,0.6436831482423115,-1.7820907375048567,0.9,0.1,0.6211814688446688,,,,
1minute,1.5,above,high(>1.5x),84365,0.005141746080892189,0.6629003472892148,0.013951861856067914,0.18059981399067115,0.004811494057036609,0.7808479819306687,0.03701021310026515,0.2495342428253437,-0.00018496899745950015,0.8687366771964969,0.08218404088656034,0.3290202399841181,0.0004448995575580458,0.9306852802769155,0.1632314447956746,0.4099353544708231
1minute,1.5,above,low(<0.8x),61972,0.021287529296672755,0.7207293825113966,0.005602983837546622,0.14311642282182582,0.018109952966509833,0.8229452920846329,0.01530810081766838,0.2156449647128425,0.004853918245628319,0.893752707737631,0.040932328221124685,0.3092623633215087,-0.00786428723824565,0.9424975366710666,0.09669263232259384,0.4171801461483152
1minute,1.5,above,normal(0.8-1.5x),44745,0.016007855223637246,0.7008860584244774,0.00749919239466519,0.16034670818931795,0.011320661628141071,0.8109089183610525,0.024721820209257634,0.23359945551879832,0.0023783909127515048,0.8880382775119617,0.06046335935532612,0.32259478631122823,-0.011688491306296263,0.9403063627046342,0.1347608099498629,0.42741667728656835
1minute,1.5,below,high(>1.5x),80597,0.03875892180550843,0.6365930359361923,0.007671628921407015,0.12564907531298852,0.038081672272326915,0.747546368103437,0.018117122635976174,0.18231561182991773,0.03475295734414938,0.8376704187932602,0.040411102565895266,0.2531948979699928,0.03236065405950328,0.9046566668234041,0.08681682105296155,0.3375344904962783
1minute,1.5,below,low(<0.8x),86977,0.019363660888359224,0.7006527784323892,0.003758778338125088,0.11917441802521403,0.015566167015128323,0.8031621404890427,0.01146605067563524,0.18051302657627993,0.006393417816386827,0.8770095476523575,0.03234911518543063,0.26181113357053976,0.0012126257065803705,0.9286208743126575,0.07904601439337539,0.35940823875090694
1minute,1.5,below,normal(0.8-1.5x),54952,0.017317567063997,0.6784666315551877,0.004852907982845534,0.1257708899388019,0.01453210625948228,0.7874210434816202,0.015356680638992447,0.1872645332870245,0.00343193772291189,0.8668808435273282,0.03966390708019276,0.26872001686539204,-0.000660527081240264,0.9256297571583907,0.0953243928959768,0.36467741572046963
1minute,2.0,above,high(>1.5x),39757,0.0070879368963223735,0.6885027423240556,0.010149161925265262,0.21311916069950004,0.009612466350152811,0.8034635205483035,0.028696994271064955,0.29151554307828814,0.007023250637234095,0.8864523631530858,0.06985630035717252,0.3778392955006359,0.011885025480872387,0.9445976435196791,0.14521183253948358,0.4603396050784078
1minute,2.0,above,low(<0.8x),24491,0.022381727765509857,0.7267407594510398,0.0027363812410541384,0.17265052060690864,0.023655347520256484,0.8295073510446221,0.010016335654715845,0.25704259662584644,0.01931820503511037,0.9012493886443467,0.030501089324618737,0.35928291024806625,0.020545426074901223,0.9485764090644974,0.07577958551229905,0.4743654570139064
1minute,2.0,above,normal(0.8-1.5x),20134,0.016687720791118726,0.709284392350401,0.004729590787579683,0.19079070434627698,0.01472316359670546,0.8192949907235622,0.016061489530877285,0.2737320795969968,0.014826806650685727,0.8965261113015656,0.045709061821506115,0.37378157059703687,0.006318964527730883,0.9475032010243278,0.10915492957746478,0.48428676856490027
1minute,2.0,below,high(>1.5x),34804,0.056477637661944836,0.6584028535212098,0.005777790879344397,0.14685186866850986,0.0576021492163667,0.7689295039164491,0.013570951484607444,0.21245961218567488,0.05846947970566251,0.8564246733917645,0.03148668761369274,0.2936449152605511,0.06949362774192457,0.917169521382257,0.07218619991754432,0.3860110214294394
1minute,2.0,below,low(<0.8x),33766,0.029013266980710738,0.7065906596756493,0.0029874405560297527,0.1354689414674954,0.027061022740993593,0.8101438492063492,0.007564484126984127,0.20459302001828247,0.024123429775462318,0.8865128433934604,0.0214800178468991,0.2939440929707628,0.03727259661897745,0.937673082840439,0.056959212280761735,0.3962137418479587
1minute,2.0,below,normal(0.8-1.5x),23518,0.028962677351830432,0.6908834420737083,0.0034385469934755776,0.14490050618601868,0.03149720657654701,0.7966224804793899,0.009941892137279825,0.21468119358485308,0.03199957468951483,0.8768119478744693,0.02830787251696032,0.305652247652734,0.02570052756717077,0.9337568550795461,0.07227018515501982,0.4105958119408566
1minute,3.0,above,high(>1.5x),10374,0.010999980821168483,0.7138506876227898,0.00618860510805501,0.2798973631311219,0.015798476334567844,0.8291209344476891,0.022052159903332997,0.3797573079325341,0.017434407966575048,0.9087145969498911,0.05860566448801743,0.48122939337197035,-0.015001697562014056,0.9562507948620119,0.12565178684980288,0.5719944963174833
1minute,3.0,above,low(<0.8x),4922,0.03684437162718085,0.735680950360628,0.0021213406873143827,0.2312648592735363,0.02309837571727017,0.8369851007887817,0.0056967572304995615,0.3484858706167482,-0.010614983285818218,0.9042234018001385,0.018462958689129932,0.4941160124971054,0.0006945281141922243,0.9565217391304348,0.052123061276379355,0.6342017992264382
1minute,3.0,above,normal(0.8-1.5x),4869,0.015287772770190349,0.721868365180467,0.002760084925690021,0.26067658122098386,0.022955823774760103,0.8393290664312514,0.01015228426395939,0.3744413624268818,0.003265375094824006,0.9098660170523751,0.02874543239951279,0.49632727037949487,0.006999431229575927,0.9604207030168834,0.08081926376972046,0.6261684768909651
1minute,3.0,below,high(>1.5x),7352,0.11616237686792893,0.6832167832167833,0.004755244755244755,0.20266946036407643,0.12559258078129854,0.7846422847151392,0.01427946961969984,0.2921507987440664,0.16541846996767057,0.8687672567808998,0.03540685398733149,0.39671431156803927,0.17602253531592105,0.9318011958146487,0.07567264573991031,0.5159167456964581
1minute,3.0,below,low(<0.8x),5789,0.02111782646661894,0.6958408679927667,0.0012658227848101266,0.1916257124869258,0.027104666479007455,0.8076638282117734,0.004998148833765272,0.28347649057466157,0.029451507523782536,0.8868466398621482,0.01627417193183994,0.4066299877217594,0.021232477618315142,0.9358009201171058,0.044332915098285235,0.5609257111423743
1minute,3.0,below,normal(0.8-1.5x),4612,0.029979048419250066,0.6961400359066428,0.0008976660682226212,0.2047750101693117,0.034914450605721625,0.8045897079276774,0.004867872044506259,0.3033926084491649,0.04068205849648415,0.8799598191863385,0.020090406830738324,0.42588493739406763,0.04864613843522475,0.930365296803653,0.05251141552511415,0.575055488295065
1minute,4.0,above,high(>1.5x),3388,0.02956495337222457,0.7209443099273608,0.005447941888619854,0.34424508229693773,0.04234543447978927,0.8282923755513547,0.01984877126654064,0.4661665716343389,0.07568941188271773,0.9121574139142656,0.05165144061841181,0.5662697556318025,0.13770506027047635,0.9568496020108923,0.10599078341013825,0.6263189281459309
1minute,4.0,above,low(<0.8x),1299,0.0922022670130743,0.7434426229508196,0.001639344262295082,0.2735162950419079,0.08644847381705112,0.8421501706484642,0.004266211604095563,0.3874960453452099,0.08644623227754773,0.9058823529411765,0.015384615384615385,0.540102378091357,0.19450775113389793,0.9590818363273453,0.038922155688622756,0.6885821586272609
1minute,4.0,above,normal(0.8-1.5x),1447,0.035646794435781115,0.7279885468861846,0.0035790980672870437,0.3311241688679363,0.05821987287008818,0.8436555891238671,0.011329305135951661,0.4706001543395235,0.04976260924407234,0.9187339606501284,0.02480752780153978,0.5746571214686268,0.04126677039119549,0.9582118561710399,0.06316812439261418,0.7079723991094732
1minute,4.0,below,high(>1.5x),2085,0.17445088925418495,0.6848039215686275,0.006372549019607843,0.2737524138701139,0.21243751505997913,0.7813131313131313,0.016666666666666666,0.3820976016620481,0.24675448256280405,0.8678511937812327,0.038312048861743477,0.5088095926825127,0.32555522249243146,0.9368288060644346,0.08528111181301326,0.6567651024897445
1minute,4.0,below,low(<0.8x),1389,0.017871896335463596,0.6762264150943397,0.0007547169811320754,0.2403611029097385,0.01908290216719444,0.7802026500389712,0.004676539360872954,0.3628976129410063,0.01545922681080627,0.8557536466774717,0.01620745542949757,0.5316119966257895,0.028978597808755262,0.9231456657730116,0.03753351206434316,0.7332152584245339
1minute,4.0,below,normal(0.8-1.5x),1212,0.07401079263488852,0.6858594411515665,0.000846740050804403,0.2463585351372514,0.06541583259128497,0.8110720562390158,0.006151142355008787,0.37869346339214066,0.05445925196180055,0.8913043478260869,0.017958412098298678,0.5658833945934566,0.09020740888941496,0.9393617021276596,0.052127659574468084,0.744241817294886
5minute,1.5,above,high(>1.5x),43560,0.00537311077495576,0.7732384111317855,0.0751017986678532,0.24534725239564698,0.005162505835724421,0.8822973143361493,0.16451267179422518,0.31375030317425934,0.008379633075605488,0.949002816032095,0.3235350846738418,0.39181902532298174,0.028858061231455186,0.9839265919448208,0.5793816972533563,0.4783352501259391
5minute,1.5,above,low(<0.8x),19157,0.005435152632522076,0.7607306422409202,0.023910959633613803,0.2525049875827121,-0.010571668026903371,0.8622893337857709,0.07453907928967311,0.35774349704148234,-0.012850303097855028,0.9312508433409796,0.18695182836324384,0.4767357481602968,0.0011430629015848342,0.9711309860749462,0.4099399977357636,0.6059087350319527
5minute,1.5,above,normal(0.8-1.5x),19707,-0.021451488330669632,0.751873071837814,0.03437637725870427,0.2606214599375926,-0.04177301769070763,0.8626838235294118,0.09338235294117647,0.35403505902908394,-0.057869888422145944,0.9360196633397885,0.22374497244153135,0.4614425777280698,-0.04723500248000215,0.9780696469454151,0.46632124352331605,0.5709193440907435
5minute,1.5,below,high(>1.5x),36178,0.02405941202456533,0.7087580016450309,0.04066087329685656,0.2140625025469621,0.003518161401403395,0.8250577618902306,0.09220105497188195,0.29954551836281235,-5.651156684941674e-06,0.9074777448071216,0.202433234421365,0.4003886252252103,0.060874787219748774,0.961023289489562,0.4435863400506818,0.5194865499649445
5minute,1.5,below,low(<0.8x),32181,0.012825802464198566,0.7274444969296174,0.026169107227208315,0.22165322321743275,0.016471390712109967,0.8372230817340927,0.07386681589255736,0.31707905333848707,0.046043811004748525,0.9099061122820463,0.18348342594366737,0.43140733836142636,0.0980314767450501,0.9565061963775023,0.3857244995233556,0.5572134048649955
5minute,1.5,below,normal(0.8-1.5x),26004,0.015290644748500932,0.7302935356200527,0.028982519788918207,0.20695212124584073,0.010594180288767116,0.8429027841168416,0.07877681424007303,0.29205204232636756,0.03301909829292635,0.9133329473745151,0.19660742198807388,0.39717743947029194,0.11096916836865742,0.9601406799531067,0.42272372020320437,0.5054511168770194
5minute,2.0,above,high(>1.5x),21067,-0.006225242223826401,0.799418273069465,0.06302041747462074,0.2808410267822154,-0.008431476110907325,0.9025114771806644,0.14400486092357548,0.3486739893220588,0.007012445809102988,0.9595002515512326,0.29758510816703004,0.42851919906742025,-0.007311598627959431,0.9864922508175743,0.5478458694724868,0.5328525230279023
5minute,2.0,above,low(<0.8x),6874,0.03138125558009245,0.7725366876310272,0.015423779574722971,0.28240212442384605,0.017310439788931514,0.870905276746813,0.057285783443601745,0.40105652527234537,-0.0013331232098405543,0.9324588880187941,0.1399765074393109,0.5343535935261691,-0.010607564309354254,0.9724014336917562,0.3365591397849462,0.678071711025358
5minute,2.0,above,normal(0.8-1.5x),8234,0.004908430692460254,0.7725873377057958,0.027974836032659618,0.2926915006192319,-0.020637752648537448,0.8797534946640613,0.07680745528333083,0.3975822080723609,0.011381597961368029,0.9493036211699164,0.20167130919220055,0.5042034224976641,0.07536917720007268,0.9776166456494325,0.43568726355611603,0.6081379979213024
5minute,2.0,below,high(>1.5x),16166,0.054399263130449245,0.7475908980484249,0.034334763948497854,0.23671177710248376,0.04918400856822572,0.8526977161663508,0.07838835145108208,0.332147612923878,0.06693105712080577,0.9265409513087531,0.18435125246270756,0.4391756570174716,0.12696252075413778,0.9663299663299664,0.40771349862258954,0.5745315754242458
5minute,2.0,below,low(<0.8x),11832,0.03844666082402364,0.7502364371077294,0.015561860545095004,0.24442661170915297,0.06115905046150973,0.854665341884202,0.05130521181465089,0.34659201152972324,0.09999549921441817,0.9139015397961396,0.14107568857080893,0.47576244545984436,0.20180446040623226,0.9557246627464545,0.3227257004496714,0.5937293165684219
5minute,2.0,below,normal(0.8-1.5x),10867,0.03458798904532599,0.7520056157240272,0.01865222623345367,0.23586899995031674,0.049054776432599534,0.8598718957186201,0.06011911450724801,0.3273807847918678,0.08100777010448452,0.9264812927645946,0.1563546367739118,0.44221451945639717,0.2068893948062541,0.9652900937420826,0.3709146186977451,0.5444179198412125
5minute,3.0,above,high(>1.5x),5770,0.01884706979127671,0.8370177719982661,0.053966189856957086,0.3569477305246823,0.030416278107397478,0.9250591638180384,0.12358664212463845,0.4249210549733288,0.12322760561538183,0.9656198347107438,0.2846280991735537,0.4965706041868518,0.15993595880584738,0.9903730445246691,0.49518652226233456,0.567619123036265
5minute,3.0,above,low(<0.8x),1218,0.09173995804797676,0.7752136752136752,0.011965811965811967,0.3523880447864932,0.13363452208147508,0.8801115241635687,0.03717472118959108,0.483186603508745,0.1650006146865026,0.9276546091015169,0.12135355892648775,0.6449736311672339,0.37919604963506737,0.9545454545454546,0.2943722943722944,0.763680573484917
5minute,3.0,above,normal(0.8-1.5x),1534,-0.03602231850126611,0.7937915742793792,0.010347376201034738,0.3970833775440972,-0.023980132201546864,0.8978902953586498,0.04388185654008439,0.507644209085354,0.021637679514245157,0.952329360780065,0.13651137594799567,0.6348085847608618,0.2575212256278451,0.9901380670611439,0.368836291913215,0.6858459445103724
5minute,3.0,below,high(>1.5x),3444,0.11232936979026101,0.7808902532617038,0.03376822716807368,0.3229701793825966,0.14184895258843255,0.879472693032015,0.08145009416195857,0.44496515632793515,0.2520188223491472,0.9347675225537821,0.18875780707841777,0.5942585403488488,0.17318560686224344,0.969551282051282,0.3814102564102564,0.7793094292888848
5minute,3.0,below,low(<0.8x),1926,0.020159026314081726,0.7296276308688613,0.010793308148947653,0.32244009816353436,0.033279560702031794,0.830264672036824,0.02761795166858458,0.4637346349866338,0.046480747038006046,0.9061624649859944,0.09593837535014006,0.6399753061432695,0.0812517094315796,0.9567827130852341,0.22208883553421369,0.7906181575236961
5minute,3.0,below,normal(0.8-1.5x),2071,0.06679510448269096,0.7529729729729729,0.012432432432432432,0.332932502657948,0.14081473419352875,0.8577639751552795,0.04720496894409938,0.4516935407446871,0.12504914109236775,0.918918918918919,0.13431613431613432,0.5904329511476588,0.27323960507858497,0.9603053435114504,0.32213740458015266,0.6867146507727744
5minute,4.0,above,high(>1.5x),1888,0.19207538194547055,0.8613086770981507,0.0561877667140825,0.3868460398393214,0.2138993393255811,0.9365638766519824,0.11365638766519824,0.4536947895639303,0.43611912785729073,0.96878612716763,0.26011560693641617,0.4872542985949367,0.6425304335750889,0.9787735849056604,0.45990566037735847,0.5784078715283707
5minute,4.0,above,low(<0.8x),298,0.07782079661085042,0.7578947368421053,0.0035087719298245615,0.40491169748550754,0.11981973845621707,0.8593155893536122,0.022813688212927757,0.553349848595626,0.38982004609298426,0.9203980099502488,0.10945273631840796,0.6600897469365159,0.20712341667510104,0.9523809523809523,0.2619047619047619,0.9112525236691347
5minute,4.0,above,normal(0.8-1.5x),387,-0.04933694919290881,0.7757009345794392,0.009345794392523364,0.4849170449966466,0.029507355598981485,0.8710801393728222,0.0313588850174216,0.6448713740866077,0.0548764991762465,0.9237668161434978,0.09865470852017937,0.8854397319863281,0.458301360570249,0.9791666666666666,0.3125,0.9073033856387127
5minute,4.0,below,high(>1.5x),992,0.1584199451842333,0.7538659793814433,0.03608247422680412,0.451378363633185,0.37018872090813076,0.867601246105919,0.09968847352024922,0.5772914244619828,0.3931357728749735,0.9234135667396062,0.1838074398249453,0.7268337274438835,0.02704523259311737,0.9722222222222222,0.3388888888888889,0.9696887970360007
5minute,4.0,below,low(<0.8x),459,0.1181554912671799,0.7346938775510204,0.018140589569160998,0.39836510378653367,0.12947939233745243,0.8599033816425121,0.036231884057971016,0.5823305022430759,0.06435899193049804,0.9244712990936556,0.06646525679758308,0.7796776447357701,0.5505138536524493,0.9611111111111111,0.2388888888888889,0.8432365705867431
5minute,4.0,below,normal(0.8-1.5x),526,-0.007326284228868153,0.7446808510638298,0.006382978723404255,0.4564433328711502,0.08593247549513794,0.8673218673218673,0.036855036855036855,0.6259760094668915,-0.03540143511473875,0.9242902208201893,0.0946372239747634,0.8058249911650157,0.047254478627210966,0.9554140127388535,0.2611464968152866,0.9316712780883093
