timeframe,threshold,direction,n_events,ret_5,band_exit_5,full_reversion_5,adverse_excursion_5,ret_10,band_exit_10,full_reversion_10,adverse_excursion_10,ret_20,band_exit_20,full_reversion_20,adverse_excursion_20,ret_40,band_exit_40,full_reversion_40,adverse_excursion_40
15minute,1.5,above,44567,-0.020764139081394885,0.8338128813988048,0.14095551269484935,0.28973980256300774,-0.01189599105599775,0.9246775048595158,0.3224509630676798,0.3811112572454303,0.006371740201623163,0.9770742358078602,0.6602983988355168,0.4833754699638001,,,,
15minute,1.5,below,51499,0.019826532760871266,0.7812158619182871,0.10083023814725803,0.2830491352422047,0.04099303978852129,0.8848337064278862,0.2434841701311161,0.3920024966460394,0.14509227330833158,0.952352412346419,0.538957147138148,0.49213293044836276,,,,
15minute,2.0,above,19465,-0.003235056833000299,0.8615911686334221,0.13178530643319375,0.3120125571168621,0.00020619468652457632,0.9383787346221442,0.29964850615114236,0.4072213968074629,-0.02891969470526997,0.9747501315097317,0.6244082062072593,0.5471642509118075,,,,
15minute,2.0,below,20588,0.0637980126006041,0.8025831589580777,0.08384443322029006,0.3096889790638973,0.09805998880378605,0.8932748538011696,0.20850202429149797,0.427396044307642,0.18073098702103643,0.950834879406308,0.50139146567718,0.5400814985331487,,,,
15minute,3.0,above,4548,0.10238648600035136,0.8869996457669146,0.12858660998937302,0.36258846969891073,0.1943817452899923,0.9420054200542005,0.28292682926829266,0.4606671612809836,0.27230481229227366,0.961038961038961,0.5584415584415584,0.6363889688104014,,,,
15minute,3.0,below,3836,0.17319922859045925,0.8059701492537313,0.08747927031509121,0.4286326890026448,0.03086530403651722,0.8824728260869565,0.18614130434782608,0.6152852097382493,-0.014979047723540414,0.9532374100719424,0.42805755395683454,0.7099925917220219,,,,
15minute,4.0,above,1343,0.2661459648952178,0.870026525198939,0.11671087533156499,0.377728333200566,0.2418658729982278,0.9364035087719298,0.2324561403508772,0.5240844161485317,0.37861184229428047,0.9464285714285714,0.5178571428571429,0.5468760415171035,,,,
15minute,4.0,below,1067,0.3028184239554099,0.8237885462555066,0.08370044052863436,0.45848783206094773,0.28457945205987306,0.9018691588785047,0.17990654205607476,0.6358649849532685,0.2958617245774757,0.9743589743589743,0.4230769230769231,0.4833151349214245,,,,
1minute,1.5,above,191125,0.012858991399167642,0.6904368978857014,0.009794571192815885,0.16384261978911005,0.01047171260080668,0.8014275486279246,0.02719556651053992,0.23497805863868024,0.0017360051989547419,0.8813336983551205,0.06374763306184839,0.32128359242364746,-0.0054995301258657266,0.9368079276303443,0.13449194850043167,0.41666939292828353
1minute,1.5,below,222552,0.025845676734411942,0.6719251336898395,0.00545823345011986,0.1232106601144808,0.023351697554684612,0.7791945074480475,0.014853656121356728,0.18293181824043378,0.015578528848629125,0.8606047076915445,0.03700176104372845,0.26057478934758554,0.011456564708835501,0.9196191487747515,0.08566984945863634,0.3532913414425253
1minute,2.0,above,84406,0.01386411915011893,0.7045034529715009,0.006796517848458321,0.19619421160599296,0.014779810192459518,0.814725422379258,0.020428475453482295,0.2774532266917078,0.012103481858519264,0.893122652165918,0.05280163921506817,0.3716888717882005,0.01270272193114831,0.9464432324654,0.11605676753460005,0.4705915943333887
1minute,2.0,below,92103,0.03933531460932534,0.6843311788517881,0.004182228881980632,0.14228720656872024,0.03955286443713949,0.791155129130988,0.01050013182479911,0.2103033451730033,0.0384447878961884,0.8729982829377595,0.026937175006393317,0.29701054649603054,0.04592502584097212,0.9293321857938194,0.06631075011430569,0.39640422226745614
1minute,3.0,above,20174,0.018218147262696393,0.7209503900474176,0.00448681996634885,0.26373757864040176,0.018961582485511684,0.8333596007354872,0.015445232466509062,0.3711323782670612,0.006948895010461079,0.90775514835196,0.04198105179554093,0.48801075774646535,-0.006016285983095409,0.9572577506810221,0.09657543131404851,0.6006904554430731
1minute,3.0,below,17756,0.06287057083638825,0.6905303693331,0.002625590757920532,0.19984487201035311,0.06960558160616402,0.7971897237968882,0.008804728018333133,0.2924311682022488,0.08641210855127737,0.8776439960950212,0.024926781646599415,0.4078679637754398,0.08876635184209158,0.9327761894289275,0.05879334359651052,0.5471113998348709
1minute,4.0,above,6144,0.043933233617020014,0.727533299612207,0.004383746417130332,0.3266579957568951,0.05426322675593441,0.8350352112676056,0.014788732394366197,0.45080724382446036,0.06999458181868848,0.9124756335282651,0.03781676413255361,0.5625966157004004,0.12617497047218926,0.9577687443541102,0.08084914182475159,0.6595651490215646
1minute,4.0,below,4690,0.10203287487071086,0.6821978021978022,0.0032967032967032967,0.2575318241895983,0.11652772847021123,0.788422247446084,0.010442678774120319,0.37632756293029607,0.12589067430443443,0.8701488894312912,0.026360751769587503,0.5312578362543331,0.17334016916098557,0.9330773450356555,0.06253428414701043,0.7035649432452573
5minute,1.5,above,82491,-0.001582258883041754,0.7647813174946004,0.05221382289416847,0.25124986258650456,-0.011032246027135388,0.8719316644627848,0.12288541334184487,0.33603110184104884,-0.014436879447431624,0.9408164017847266,0.26171687746598327,0.4329228244700471,0.001248403561395352,0.9789454795585728,0.5065047701647876,0.5364592951987482
5minute,1.5,below,94406,0.017324425295114604,0.7219729340490615,0.03185069688277373,0.21510038493819636,0.011094097101892157,0.83508921098431,0.08093422433606569,0.3046834604694236,0.029703660278645842,0.9102072650636398,0.1925955427224905,0.4131896715590323,0.09277091867698069,0.9585572842998585,0.41001414427157,0.5341082649091852
5minute,2.0,above,36221,0.003324694203336594,0.7871978316366731,0.044817044344290714,0.2847566511963681,-0.007253258596800856,0.8896708531831962,0.10863288580915259,0.3733531359264122,0.004115915595789204,0.9507233474293345,0.2387714222123303,0.4725306187656802,0.006020662761644386,0.9810597346829231,0.47465685146844566,0.5863335538657961
5minute,2.0,below,38897,0.043322929357069564,0.7496468926553672,0.023334510357815443,0.23938164277024512,0.05437117079475813,0.855572946152053,0.06310566452429318,0.3363143029416488,0.08542478142963524,0.9214344138792028,0.1591975547806621,0.4548552406431811,0.1838292999618597,0.961083819465766,0.3590727663494013,0.5755127556109167
5minute,3.0,above,8549,0.01929705180750676,0.8182579564489112,0.03908431044109436,0.3651088108678299,0.03592937969605544,0.911672960105073,0.09308816286324084,0.4536658948770755,0.10640491077451446,0.9559188741721855,0.22723509933774835,0.5539308247461325,0.19308793027841595,0.9834462001504891,0.43378480060195634,0.6402748043048839
5minute,3.0,below,7464,0.07324829420748803,0.7577384712571068,0.020688566013897663,0.32628160891949576,0.11070923055147126,0.8575068243858053,0.0545950864422202,0.4530123990718936,0.14588026202116003,0.9200097252613664,0.14077315827862874,0.6086397320084094,0.1600802804991951,0.9611241217798595,0.3007025761124122,0.7607404554502499
5minute,4.0,above,2588,0.13861091163391853,0.8322644301924026,0.041440552540700545,0.4051609749626646,0.1653382588659487,0.9123529411764706,0.08647058823529412,0.5046187912988851,0.35904704439678775,0.9532208588957055,0.2093558282208589,0.588071951255399,0.48589902398348017,0.9741518578352181,0.40549273021001614,0.707733713618085
5minute,4.0,below,1990,0.11020803722238134,0.7476470588235294,0.022941176470588236,0.43651216231445855,0.23604081170731048,0.8658536585365854,0.06504065040650407,0.5881245574675997,0.19196581135484453,0.924865831842576,0.12432915921288014,0.7578502008807071,0.20274046219564,0.9641509433962264,0.2811320754716981,0.914745871644778
