symbol,timeframe,count
PFOCUS,1minute,5128
NETWEB,1minute,4086
CARTRADE,1minute,3799
OLAELEC,1minute,3726
TARIL,1minute,3651
PGEL,1minute,3642
GALLANTT,1minute,3489
RPOWER,1minute,3378
DATAPATTNS,1minute,3290
GRSE,1minute,3266
BLUEJET,1minute,3253
WOCKPHARMA,1minute,3231
PARADEEP,1minute,3162
IDEA,1minute,3118
NEWGEN,1minute,3055
ANANTRAJ,1minute,3051
GODFRYPHLP,1minute,3014
FORCEMOT,1minute,3006
NEULANDLAB,1minute,2945
SYRMA,1minute,2943
TEJASNET,1minute,2936
HFCL,1minute,2909
SCHNEIDER,1minute,2907
ACUTAAS,1minute,2891
KAYNES,1minute,2889
AIIL,1minute,2858
JMFINANCIL,1minute,2857
TECHNOE,1minute,2853
IFCI,1minute,2797
SWANCORP,1minute,2781
POWERINDIA,1minute,2740
AEGISLOG,1minute,2715
FIRSTCRY,1minute,2702
JPPOWER,1minute,2702
GABRIEL,1minute,2695
GMDCLTD,1minute,2674
CEMPRO,1minute,2664
ITI,1minute,2650
MRPL,1minute,2636
PREMIERENE,1minute,2622
GRAVITA,1minute,2611
GVT&D,1minute,2610
APARINDS,1minute,2604
ZENTEC,1minute,2601
JYOTICNC,1minute,2573
CHENNPETRO,1minute,2559
DEEPAKFERT,1minute,2524
HBLENGINE,1minute,2523
ECLERX,1minute,2517
ELECON,1minute,2460
ACMESOLAR,1minute,2432
INOXWIND,1minute,2426
HSCL,1minute,2425
PFOCUS,5minute,2409
HEG,1minute,2392
KALYANKJIL,1minute,2375
MAZDOCK,1minute,2364
BSE,1minute,2363
ABREL,1minute,2356
KFINTECH,1minute,2352
INTELLECT,1minute,2348
CONCORDBIO,1minute,2344
ABDL,1minute,2331
ONESOURCE,1minute,2326
HINDCOPPER,1minute,2318
BLS,1minute,2309
JWL,1minute,2303
ANGELONE,1minute,2292
SCI,1minute,2273
FACT,1minute,2264
MOTILALOFS,1minute,2263
PAYTM,1minute,2237
SAMMAANCAP,1minute,2231
AMBER,1minute,2226
FSL,1minute,2223
SAREGAMA,1minute,2223
SAPPHIRE,1minute,2210
NAVA,1minute,2209
COHANCE,1minute,2204
MMTC,1minute,2203
SWIGGY,1minute,2199
BDL,1minute,2196
TBOTEK,1minute,2188
JUBLINGREA,1minute,2182
PTCIL,1minute,2182
SONATSOFTW,1minute,2181
PCBL,1minute,2159
POLYMED,1minute,2155
KIRLOSENG,1minute,2149
REDINGTON,1minute,2121
WAAREEENER,1minute,2076
TTML,1minute,2073
GPIL,1minute,2065
SARDAEN,1minute,2056
TRITURBINE,1minute,2038
ADANIGREEN,1minute,2037
COCHINSHIP,1minute,2032
NUVAMA,1minute,2032
CREDITACC,1minute,2025
FIVESTAR,1minute,2021
PPLPHARMA,1minute,1990
JINDALSAW,1minute,1987
RAILTEL,1minute,1984
VIJAYA,1minute,1978
WELSPUNLIV,1minute,1977
TITAGARH,1minute,1971
JUBLPHARMA,1minute,1957
IGIL,1minute,1955
ATHERENERG,1minute,1945
GRAPHITE,1minute,1943
LLOYDSME,1minute,1935
OLECTRA,1minute,1925
SAGILITY,1minute,1917
BEML,1minute,1913
IIFL,1minute,1906
POLICYBZR,1minute,1905
JBMA,1minute,1867
ENGINERSIN,1minute,1862
ZENSARTECH,1minute,1847
HOMEFIRST,1minute,1836
LODHA,1minute,1829
CHOLAHLDNG,1minute,1815
RKFORGE,1minute,1812
NLCINDIA,1minute,1812
AEGISVOPAK,1minute,1793
ZEEL,1minute,1790
DCMSHRIRAM,1minute,1789
KEC,1minute,1766
USHAMART,1minute,1756
HONASA,1minute,1752
IKS,1minute,1742
GODREJIND,1minute,1740
ADANIENSOL,1minute,1736
LTFOODS,1minute,1732
DEVYANI,1minute,1727
NETWEB,5minute,1726
KPRMILL,1minute,1722
CARTRADE,5minute,1712
ADANIPOWER,1minute,1709
CRAFTSMAN,1minute,1698
CAPLIPOINT,1minute,1693
MCX,1minute,1687
NIACL,1minute,1677
EMCURE,1minute,1673
IRCON,1minute,1649
EMMVEE,1minute,1647
360ONE,1minute,1647
ATGL,1minute,1643
NAM-INDIA,1minute,1641
RVNL,1minute,1634
CGCL,1minute,1632
SUZLON,1minute,1628
WELCORP,1minute,1619
OLAELEC,5minute,1616
SOBHA,1minute,1610
LATENTVIEW,1minute,1597
ASAHIINDIA,1minute,1597
THERMAX,1minute,1592
RHIM,1minute,1585
HUDCO,1minute,1573
POONAWALLA,1minute,1566
VTL,1minute,1563
DIXON,1minute,1555
GALLANTT,5minute,1554
CPPLUS,1minute,1550
SPLPETRO,1minute,1547
ACE,1minute,1547
BLUESTARCO,1minute,1545
PGEL,5minute,1543
NBCC,1minute,1532
ZYDUSWELL,1minute,1525
ELGIEQUIP,1minute,1524
GODREJPROP,1minute,1524
MAPMYINDIA,1minute,1513
GODIGIT,1minute,1511
ERIS,1minute,1505
RRKABEL,1minute,1495
DOMS,1minute,1494
TARIL,5minute,1485
RPOWER,5minute,1470
SIGNATURE,1minute,1462
BRIGADE,1minute,1451
PWL,1minute,1449
TEGA,1minute,1440
FLUOROCHEM,1minute,1437
BBTC,1minute,1436
PNBHOUSING,1minute,1432
GRANULES,1minute,1430
DATAPATTNS,5minute,1426
ABSLAMC,1minute,1426
PHOENIXLTD,1minute,1425
CCL,1minute,1424
TATAINVEST,1minute,1416
ABFRL,1minute,1415
IDBI,1minute,1403
ETERNAL,1minute,1401
JAINREC,1minute,1401
FINCABLES,1minute,1399
GRSE,5minute,1384
CHALET,1minute,1383
PARADEEP,5minute,1377
VMM,1minute,1368
PRESTIGE,1minute,1367
WOCKPHARMA,5minute,1359
UNOMINDA,1minute,1356
KPIL,1minute,1347
RBLBANK,1minute,1344
NATIONALUM,1minute,1343
BHEL,1minute,1335
KPITTECH,1minute,1330
AFCONS,1minute,1329
PFOCUS,15minute,1329
IDEA,5minute,1329
BLUEJET,5minute,1327
INDGN,1minute,1327
MINDACORP,1minute,1318
MANAPPURAM,1minute,1316
AFFLE,1minute,1309
J&KBANK,1minute,1309
GODFRYPHLP,5minute,1304
SUMICHEM,1minute,1304
BELRISE,1minute,1302
WHIRLPOOL,1minute,1297
ANANTRAJ,5minute,1292
FORCEMOT,5minute,1289
HEXT,1minute,1285
HFCL,5minute,1284
TIINDIA,1minute,1278
SAILIFE,1minute,1277
OIL,1minute,1275
SUNDARMFIN,1minute,1265
CEATLTD,1minute,1265
SYRMA,5minute,1263
KAYNES,5minute,1262
NEWGEN,5minute,1259
NEULANDLAB,5minute,1258
IREDA,1minute,1258
BSOFT,1minute,1254
CGPOWER,1minute,1253
BHARTIHEXA,1minute,1251
GESHIP,1minute,1247
NSLNISP,1minute,1238
NATCOPHARM,1minute,1232
COFORGE,1minute,1229
AADHARHFC,1minute,1227
IFCI,5minute,1220
BALRAMCHIN,1minute,1218
CARBORUNIV,1minute,1217
RADICO,1minute,1212
EIHOTEL,1minute,1210
ACUTAAS,5minute,1208
RITES,1minute,1208
TEJASNET,5minute,1201
JMFINANCIL,5minute,1201
JKTYRE,1minute,1192
AIIL,5minute,1189
POWERINDIA,5minute,1188
GRAVITA,5minute,1185
SBFC,1minute,1172
KEI,1minute,1167
CDSL,1minute,1166
SWANCORP,5minute,1165
PINELABS,1minute,1161
GICRE,1minute,1160
UTIAMC,1minute,1160
KIMS,1minute,1157
CAMS,1minute,1157
TECHNOE,5minute,1156
SCHNEIDER,5minute,1151
FIRSTCRY,5minute,1150
JPPOWER,5minute,1149
LAURUSLABS,1minute,1148
OFSS,1minute,1138
CHENNPETRO,5minute,1133
GABRIEL,5minute,1132
TORNTPOWER,1minute,1128
COROMANDEL,1minute,1124
NIVABUPA,1minute,1123
APARINDS,5minute,1121
PREMIERENE,5minute,1120
ZENTEC,5minute,1117
JSWENERGY,1minute,1116
LEMONTREE,1minute,1112
ENDURANCE,1minute,1112
AEGISLOG,5minute,1110
MRPL,5minute,1108
ANURAS,1minute,1108
GVT&D,5minute,1108
GMDCLTD,5minute,1106
JSWDULUX,1minute,1106
INDIACEM,1minute,1104
EIDPARRY,1minute,1097
CEMPRO,5minute,1096
JYOTICNC,5minute,1081
PERSISTENT,1minute,1081
SOLARINDS,1minute,1080
ZFCVINDIA,1minute,1074
SAIL,1minute,1072
CESC,1minute,1068
DEEPAKFERT,5minute,1065
CRISIL,1minute,1063
DELHIVERY,1minute,1058
JSWINFRA,1minute,1056
ECLERX,5minute,1056
KALYANKJIL,5minute,1054
HBLENGINE,5minute,1051
ANANDRATHI,1minute,1046
PFC,1minute,1046
HINDPETRO,1minute,1046
SONACOMS,1minute,1045
ADANIENT,1minute,1041
ELECON,5minute,1041
BSE,5minute,1040
INOXWIND,5minute,1040
NUVOCO,1minute,1039
NAVINFLUOR,1minute,1035
URBANCO,1minute,1034
SHYAMMETL,1minute,1033
MEESHO,1minute,1022
KFINTECH,5minute,1022
MAZDOCK,5minute,1021
ONESOURCE,5minute,1021
JSL,1minute,1020
GROWW,1minute,1019
ABREL,5minute,1019
ACMESOLAR,5minute,1018
CUB,1minute,1018
LINDEINDIA,1minute,1017
CLEAN,1minute,1016
GLAXO,1minute,1016
HSCL,5minute,1007
ITI,5minute,1005
SCI,5minute,999
FSL,5minute,998
HEG,5minute,997
HINDCOPPER,5minute,995
BAJAJHLDNG,1minute,995
PAYTM,5minute,994
INTELLECT,5minute,993
STARHEALTH,1minute,991
NCC,1minute,990
AJANTPHARM,1minute,988
MGL,1minute,988
AARTIIND,1minute,986
SHRIRAMFIN,1minute,986
AWL,1minute,986
SUPREMEIND,1minute,984
BLS,5minute,983
KARURVYSYA,1minute,979
MOTILALOFS,5minute,979
M&MFIN,1minute,979
JWL,5minute,978
CHAMBLFERT,1minute,976
GLAND,1minute,974
VOLTAS,1minute,972
CONCORDBIO,5minute,972
ANGELONE,5minute,970
IRB,1minute,968
CYIENT,1minute,968
AMBER,5minute,963
BIKAJI,1minute,960
ASTERDM,1minute,958
IPCALAB,1minute,957
APTUS,1minute,955
IEX,1minute,949
MOTHERSON,1minute,948
BDL,5minute,947
SAMMAANCAP,5minute,946
SWIGGY,5minute,945
MAHABANK,1minute,944
GILLETTE,1minute,944
SIEMENS,1minute,943
SJVN,1minute,940
SAPPHIRE,5minute,937
TIMKEN,1minute,934
NH,1minute,933
NAVA,5minute,932
PVRINOX,1minute,929
FACT,5minute,929
PTCIL,5minute,927
SAREGAMA,5minute,924
CIEINDIA,1minute,923
NETWEB,15minute,923
COHANCE,5minute,923
TBOTEK,5minute,922
SONATSOFTW,5minute,919
CARTRADE,15minute,916
OBEROIRLTY,1minute,915
BANDHANBNK,1minute,909
KIRLOSENG,5minute,909
AAVAS,1minute,907
RECLTD,1minute,906
NAUKRI,1minute,906
TTML,5minute,902
POLYMED,5minute,901
ABDL,5minute,898
OLAELEC,15minute,896
MMTC,5minute,894
PCBL,5minute,893
JUBLINGREA,5minute,891
ADANIGREEN,5minute,890
WAAREEENER,5minute,889
ENRIN,1minute,887
REDINGTON,5minute,886
SARDAEN,5minute,880
NTPCGREEN,1minute,880
PGEL,15minute,878
SAGILITY,5minute,875
FIVESTAR,5minute,874
VBL,1minute,871
WELSPUNLIV,5minute,868
ATHERENERG,5minute,864
NMDC,1minute,862
COCHINSHIP,5minute,860
FORTIS,1minute,860
UNIONBANK,1minute,859
RAINBOW,1minute,859
TRITURBINE,5minute,858
MEDANTA,1minute,858
JUBLPHARMA,5minute,857
TRENT,1minute,857
HINDZINC,1minute,853
IGL,1minute,849
IRFC,1minute,848
TENNIND,1minute,843
CHOICEIN,1minute,843
RAILTEL,5minute,841
PPLPHARMA,5minute,840
BIOCON,1minute,837
NUVAMA,5minute,837
VIJAYA,5minute,834
VEDL,1minute,834
IIFL,5minute,832
CANFINHOME,1minute,830
IOB,1minute,830
BHARATFORG,1minute,830
GPIL,5minute,829
GRAPHITE,5minute,829
LLOYDSME,5minute,828
JINDALSAW,5minute,827
TITAGARH,5minute,827
ABB,1minute,826
NYKAA,1minute,826
IGIL,5minute,825
AEGISVOPAK,5minute,824
POLICYBZR,5minute,823
OLECTRA,5minute,823
RPOWER,15minute,823
PIRAMALFIN,1minute,823
ARE&M,1minute,822
GALLANTT,15minute,817
LTF,1minute,815
TRIDENT,1minute,815
BEML,5minute,814
UCOBANK,1minute,814
MAXHEALTH,1minute,814
TARIL,15minute,813
TATACOMM,1minute,811
DATAPATTNS,15minute,811
INDIANB,1minute,810
CREDITACC,5minute,809
LODHA,5minute,800
GLENMARK,1minute,799
ENGINERSIN,5minute,799
HAL,1minute,798
MPHASIS,1minute,795
JUBLFOOD,1minute,793
EMAMILTD,1minute,791
ZEEL,5minute,790
TRAVELFOOD,1minute,788
CENTRALBK,1minute,783
JKCEMENT,1minute,782
DEEPAKNTR,1minute,775
NLCINDIA,5minute,774
KEC,5minute,773
ABCAPITAL,1minute,771
HOMEFIRST,5minute,771
KAJARIACER,1minute,770
RKFORGE,5minute,769
JBMA,5minute,766
ITCHOTELS,1minute,765
INDUSINDBK,1minute,762
DCMSHRIRAM,5minute,762
KPRMILL,5minute,761
ADANIPOWER,5minute,761
GRSE,15minute,760
LTFOODS,5minute,755
ATUL,1minute,753
ADANIENSOL,5minute,752
CHOLAHLDNG,5minute,752
EXIDEIND,1minute,751
ZENSARTECH,5minute,749
INDUSTOWER,1minute,749
TATAELXSI,1minute,748
BLUEDART,1minute,748
MANKIND,1minute,747
HONASA,5minute,747
GMRAIRPORT,1minute,743
IKS,5minute,742
WOCKPHARMA,15minute,742
PARADEEP,15minute,739
SCHAEFFLER,1minute,739
CUMMINSIND,1minute,739
RVNL,5minute,732
360ONE,5minute,732
MSUMI,1minute,731
MCX,5minute,731
CASTROLIND,1minute,730
POLYCAB,1minute,728
DLF,1minute,725
THELEELA,1minute,724
DEVYANI,5minute,722
BANKINDIA,1minute,721
SUNTV,1minute,718
LALPATHLAB,1minute,716
GODREJIND,5minute,716
SYNGENE,1minute,714
CHOLAFIN,1minute,714
BLUEJET,15minute,713
HYUNDAI,1minute,713
EMMVEE,5minute,710
SUZLON,5minute,709
HFCL,15minute,708
BAYERCROP,1minute,706
CGCL,5minute,706
CANBK,1minute,704
FORCEMOT,15minute,703
ANANTRAJ,15minute,701
HUDCO,5minute,701
KAYNES,15minute,700
SYRMA,15minute,699
IRCON,5minute,696
IDEA,15minute,694
NIACL,5minute,694
CRAFTSMAN,5minute,693
GODFRYPHLP,15minute,693
ATGL,5minute,690
POONAWALLA,5minute,690
NBCC,5minute,688
USHAMART,5minute,687
ABLBL,1minute,686
THERMAX,5minute,686
DIXON,5minute,685
APLAPOLLO,1minute,684
ASHOKLEY,1minute,684
TEJASNET,15minute,683
CANHLIFE,1minute,681
AIIL,15minute,681
TATATECH,1minute,680
UPL,1minute,680
ACUTAAS,15minute,678
CAPLIPOINT,5minute,677
VTL,5minute,673
NEWGEN,15minute,673
NEULANDLAB,15minute,672
GODREJPROP,5minute,667
JINDALSTEL,1minute,667
EMCURE,5minute,666
LTTS,1minute,665
CPPLUS,5minute,665
MAPMYINDIA,5minute,664
SOBHA,5minute,663
ASAHIINDIA,5minute,660
SWANCORP,15minute,657
IFCI,15minute,657
ELGIEQUIP,5minute,656
CROMPTON,1minute,654
SPLPETRO,5minute,653
WELCORP,5minute,653
LATENTVIEW,5minute,649
BLUESTARCO,5minute,649
RRKABEL,5minute,648
GODIGIT,5minute,646
RHIM,5minute,644
JMFINANCIL,15minute,638
GRAVITA,15minute,638
POWERINDIA,15minute,637
TEGA,5minute,636
ACE,5minute,636
TMCV,1minute,635
NAM-INDIA,5minute,633
SIGNATURE,5minute,633
GABRIEL,15minute,631
LENSKART,1minute,629
JAINREC,5minute,627
ABSLAMC,5minute,626
ABFRL,5minute,626
TATACHEM,1minute,625
PREMIERENE,15minute,624
FLUOROCHEM,5minute,624
ESCORTS,1minute,623
PFIZER,1minute,622
YESBANK,1minute,621
CHENNPETRO,15minute,621
PNBHOUSING,5minute,621
JPPOWER,15minute,618
ETERNAL,5minute,618
PWL,5minute,617
BALKRISIND,1minute,616
GVT&D,15minute,614
ERIS,5minute,614
ZYDUSWELL,5minute,613
BHEL,5minute,611
BAJAJHFL,1minute,609
GMDCLTD,15minute,609
ADANIPORTS,1minute,609
NATIONALUM,5minute,608
BRIGADE,5minute,607
DOMS,5minute,607
AEGISLOG,15minute,607
BBTC,5minute,607
CCL,5minute,606
UNOMINDA,5minute,606
INDIAMART,1minute,604
VMM,5minute,602
APARINDS,15minute,602
AUBANK,1minute,601
PHOENIXLTD,5minute,601
IDBI,5minute,597
FIRSTCRY,15minute,597
GRANULES,5minute,597
SCHNEIDER,15minute,595
SRF,1minute,595
MRPL,15minute,594
TECHNOE,15minute,592
KPITTECH,5minute,592
MANAPPURAM,5minute,590
DEEPAKFERT,15minute,589
PRESTIGE,5minute,587
RBLBANK,5minute,587
AFCONS,5minute,585
ZENTEC,15minute,584
ECLERX,15minute,584
ONESOURCE,15minute,583
INDGN,5minute,583
CEMPRO,15minute,580
INOXWIND,15minute,580
CHALET,5minute,578
HBLENGINE,15minute,577
MINDACORP,5minute,576
BELRISE,5minute,575
ELECON,15minute,574
FINCABLES,5minute,574
TATAINVEST,5minute,573
HEXT,5minute,572
HDFCAMC,1minute,572
PATANJALI,1minute,567
MUTHOOTFIN,1minute,565
KALYANKJIL,15minute,562
ABREL,15minute,561
3MINDIA,1minute,561
JYOTICNC,15minute,560
KPIL,5minute,559
J&KBANK,5minute,558
SAILIFE,5minute,557
KFINTECH,15minute,556
RAMCOCEM,1minute,556
BSE,15minute,555
AFFLE,5minute,554
PAYTM,15minute,553
INDIGO,1minute,550
TIINDIA,5minute,548
AMBUJACEM,1minute,548
CEATLTD,5minute,547
PETRONET,1minute,546
INDHOTEL,1minute,546
GESHIP,5minute,546
HSCL,15minute,546
CGPOWER,5minute,545
FSL,15minute,543
SCI,15minute,542
HINDCOPPER,15minute,541
SAMMAANCAP,15minute,540
OIL,5minute,540
BSOFT,5minute,540
WHIRLPOOL,5minute,538
IREDA,5minute,538
PNB,1minute,538
JWL,15minute,538
ACMESOLAR,15minute,534
MAZDOCK,15minute,534
AMBER,15minute,532
RADICO,5minute,531
SWIGGY,15minute,529
NSLNISP,5minute,529
ASTRAL,1minute,529
BDL,15minute,529
APOLLOTYRE,1minute,528
BHARTIHEXA,5minute,527
RITES,5minute,526
AUROPHARMA,1minute,526
SUNDARMFIN,5minute,525
COFORGE,5minute,525
PTCIL,15minute,525
BLS,15minute,523
HEG,15minute,522
BPCL,1minute,521
SUMICHEM,5minute,520
JKTYRE,5minute,519
PINELABS,5minute,518
M&M,1minute,517
FACT,15minute,517
SBFC,5minute,515
NHPC,1minute,515
TORNTPOWER,5minute,515
INTELLECT,15minute,514
MOTILALOFS,15minute,513
BALRAMCHIN,5minute,513
CONCORDBIO,15minute,511
DALBHARAT,1minute,510
SAPPHIRE,15minute,510
ANGELONE,15minute,508
SAREGAMA,15minute,508
COHANCE,15minute,506
AADHARHFC,5minute,504
KEI,5minute,500
AIAENG,1minute,500
OFSS,5minute,500
UTIAMC,5minute,497
NATCOPHARM,5minute,497
LAURUSLABS,5minute,496
WAAREEENER,15minute,495
ABDL,15minute,495
TBOTEK,15minute,495
ADANIGREEN,15minute,493
CDSL,5minute,493
CARBORUNIV,5minute,491
KIRLOSENG,15minute,491
IDFCFIRSTB,1minute,491
ITI,15minute,491
NAVA,15minute,488
EIHOTEL,5minute,488
BEL,1minute,486
CAMS,5minute,485
SONATSOFTW,15minute,485
ANURAS,5minute,484
CESC,5minute,482
JSWENERGY,5minute,481
GICRE,5minute,481
JUBLINGREA,15minute,480
JUBLPHARMA,15minute,476
INDIACEM,5minute,476
FIVESTAR,15minute,474
SAIL,5minute,474
URBANCO,5minute,473
POLYMED,15minute,473
COCHINSHIP,15minute,472
DMART,1minute,470
LTM,1minute,470
HINDPETRO,5minute,469
SARDAEN,15minute,468
TITAGARH,15minute,468
TATAPOWER,1minute,468
GAIL,1minute,468
SOLARINDS,5minute,468
COROMANDEL,5minute,468
TTML,15minute,467
HONAUT,1minute,467
PERSISTENT,5minute,467
ADANIENT,5minute,466
IGIL,15minute,466
JSWDULUX,5minute,466
PFC,5minute,465
MEESHO,5minute,465
ANANDRATHI,5minute,464
LEMONTREE,5minute,464
NCC,5minute,463
WELSPUNLIV,15minute,462
CUB,5minute,461
DELHIVERY,5minute,460
GRAPHITE,15minute,460
MMTC,15minute,460
PCBL,15minute,459
PIIND,1minute,457
PPLPHARMA,15minute,457
ZFCVINDIA,5minute,456
RAILTEL,15minute,456
AEGISVOPAK,15minute,456
ATHERENERG,15minute,456
JSL,5minute,455
JIOFIN,1minute,455
ENDURANCE,5minute,455
LICHSGFIN,1minute,455
ZEEL,15minute,454
SONACOMS,5minute,453
IIFL,15minute,451
OLECTRA,15minute,451
POLICYBZR,15minute,451
CREDITACC,15minute,451
KIMS,5minute,450
GROWW,5minute,450
CONCOR,1minute,450
SAGILITY,15minute,449
ANTHEM,1minute,448
NLCINDIA,15minute,446
IEX,5minute,445
GPIL,15minute,445
TRITURBINE,15minute,444
REDINGTON,15minute,444
EIDPARRY,5minute,441
SUPREMEIND,5minute,436
NIVABUPA,5minute,436
NUVOCO,5minute,436
NUVAMA,15minute,436
VIJAYA,15minute,436
BATAINDIA,1minute,433
JINDALSAW,15minute,431
CHAMBLFERT,5minute,430
AARTIIND,5minute,430
BAJAJHLDNG,5minute,429
BEML,15minute,429
SHRIRAMFIN,5minute,427
JSWINFRA,5minute,427
JSWCEMENT,1minute,427
CLEAN,5minute,425
VOLTAS,5minute,425
ENGINERSIN,15minute,425
CRISIL,5minute,424
IRB,5minute,423
ADANIENSOL,15minute,423
LTFOODS,15minute,421
LINDEINDIA,5minute,419
RECLTD,5minute,418
M&MFIN,5minute,418
BANKBARODA,1minute,417
UBL,1minute,416
NAVINFLUOR,5minute,416
ENRIN,5minute,416
APTUS,5minute,416
JBMA,15minute,415
CHOLAHLDNG,15minute,415
SJVN,5minute,414
SHYAMMETL,5minute,414
LODHA,15minute,414
ADANIPOWER,15minute,414
TIMKEN,5minute,412
MOTHERSON,5minute,412
BOSCHLTD,1minute,412
BANDHANBNK,5minute,411
LLOYDSME,15minute,410
DCMSHRIRAM,15minute,409
KARURVYSYA,5minute,409
SIEMENS,5minute,409
KPRMILL,15minute,407
DIVISLAB,1minute,407
AWL,5minute,405
ZENSARTECH,15minute,405
ASTERDM,5minute,404
GLAXO,5minute,402
HOMEFIRST,15minute,402
TRENT,5minute,402
MAHABANK,5minute,401
MGL,5minute,399
HEROMOTOCO,1minute,398
KEC,15minute,398
STARHEALTH,5minute,398
ABBOTINDIA,1minute,396
BIKAJI,5minute,396
MCX,15minute,395
PVRINOX,5minute,395
PAGEIND,1minute,395
GLAND,5minute,395
SUZLON,15minute,395
AJANTPHARM,5minute,394
CRAFTSMAN,15minute,394
CYIENT,5minute,391
DEVYANI,15minute,391
RVNL,15minute,391
AAVAS,5minute,391
VBL,5minute,390
NTPCGREEN,5minute,390
IPCALAB,5minute,389
360ONE,15minute,387
IKS,15minute,386
THERMAX,15minute,386
TVSMOTOR,1minute,386
BAJFINANCE,1minute,386
MFSL,1minute,386
HONASA,15minute,386
RKFORGE,15minute,386
NAUKRI,5minute,385
FORTIS,5minute,384
CGCL,15minute,383
VEDL,5minute,383
BERGEPAINT,1minute,382
CIEINDIA,5minute,379
LUPIN,1minute,379
GILLETTE,5minute,378
POONAWALLA,15minute,378
HINDALCO,1minute,378
BHARATFORG,5minute,378
GODREJIND,15minute,375
IOC,1minute,375
ASAHIINDIA,15minute,373
UNIONBANK,5minute,373
EMMVEE,15minute,373
IRCON,15minute,372
NH,5minute,372
OBEROIRLTY,5minute,372
ATGL,15minute,372
TMPV,1minute,371
IGL,5minute,371
JAINREC,15minute,371
NMDC,5minute,370
MAPMYINDIA,15minute,370
NBCC,15minute,369
HUDCO,15minute,369
IRFC,5minute,369
WELCORP,15minute,368
NIACL,15minute,367
INDIANB,5minute,367
BLUESTARCO,15minute,366
HINDZINC,5minute,364
SBICARD,1minute,364
NAM-INDIA,15minute,362
DIXON,15minute,361
FLUOROCHEM,15minute,361
BIOCON,5minute,361
NYKAA,5minute,360
MAXHEALTH,5minute,359
SOBHA,15minute,359
LTF,5minute,358
VTL,15minute,357
CANFINHOME,5minute,357
ICICIPRULI,1minute,357
TENNIND,5minute,356
PWL,15minute,352
SIGNATURE,15minute,352
TRIDENT,5minute,351
GODREJPROP,15minute,351
ABSLAMC,15minute,350
ONGC,1minute,350
TRAVELFOOD,5minute,350
PIRAMALFIN,5minute,349
CAPLIPOINT,15minute,349
ELGIEQUIP,15minute,349
CHOICEIN,5minute,348
ICICIAMC,1minute,348
CENTRALBK,5minute,348
USHAMART,15minute,347
PNBHOUSING,15minute,346
RAINBOW,5minute,346
EMCURE,15minute,346
ACE,15minute,345
MEDANTA,5minute,345
GLENMARK,5minute,344
IOB,5minute,343
INDUSINDBK,5minute,343
ABB,5minute,343
CPPLUS,15minute,342
RHIM,15minute,342
GMRAIRPORT,5minute,341
HAL,5minute,340
EXIDEIND,5minute,340
ARE&M,5minute,339
MPHASIS,5minute,339
KAJARIACER,5minute,337
JUBLFOOD,5minute,336
TATACOMM,5minute,336
MANKIND,5minute,335
BHEL,15minute,334
BRIGADE,15minute,334
DOMS,15minute,333
IDBI,15minute,333
ERIS,15minute,333
ABCAPITAL,5minute,333
RRKABEL,15minute,332
ABFRL,15minute,332
GODIGIT,15minute,330
CUMMINSIND,5minute,330
JKCEMENT,5minute,330
UCOBANK,5minute,329
LATENTVIEW,15minute,329
TEGA,15minute,328
INDUSTOWER,5minute,328
CCL,15minute,327
PHOENIXLTD,15minute,326
POLYCAB,5minute,326
MANAPPURAM,15minute,326
BLUEDART,5minute,325
TATAELXSI,5minute,325
TECHM,1minute,323
KPITTECH,15minute,323
PRESTIGE,15minute,323
EMAMILTD,5minute,323
HEXT,15minute,322
ZYDUSWELL,15minute,322
ETERNAL,15minute,322
LALPATHLAB,5minute,321
DEEPAKNTR,5minute,320
FEDERALBNK,1minute,320
NATIONALUM,15minute,320
RBLBANK,15minute,319
SCHAEFFLER,5minute,319
SPLPETRO,15minute,318
THELEELA,5minute,317
ATUL,5minute,317
ITCHOTELS,5minute,317
BBTC,15minute,316
UNOMINDA,15minute,316
GRANULES,15minute,315
AFCONS,15minute,315
VMM,15minute,314
SAILIFE,15minute,314
TIINDIA,15minute,314
HYUNDAI,5minute,311
FINCABLES,15minute,311
J&KBANK,15minute,311
DLF,5minute,311
BAJAJFINSV,1minute,310
TATASTEEL,1minute,310
BAYERCROP,5minute,309
TATAINVEST,15minute,309
HAVELLS,1minute,309
COLPAL,1minute,307
MSUMI,5minute,306
ABLBL,5minute,305
INDGN,15minute,305
MINDACORP,15minute,304
OIL,15minute,303
CANBK,5minute,303
IREDA,15minute,302
CASTROLIND,5minute,301
SUNTV,5minute,301
CANHLIFE,5minute,300
RITES,15minute,300
CGPOWER,15minute,299
CHOLAFIN,5minute,299
CHALET,15minute,299
BANKINDIA,5minute,299
TATATECH,5minute,299
KPIL,15minute,299
APLAPOLLO,5minute,298
SYNGENE,5minute,295
JINDALSTEL,5minute,295
BSOFT,15minute,293
CROMPTON,5minute,292
CEATLTD,15minute,292
BHARTIHEXA,15minute,289
WHIRLPOOL,15minute,288
OFSS,15minute,287
ASHOKLEY,5minute,287
COFORGE,15minute,286
SUNDARMFIN,15minute,286
PINELABS,15minute,284
BELRISE,15minute,284
NSLNISP,15minute,282
DRREDDY,1minute,281
AFFLE,15minute,281
ACC,1minute,280
RADICO,15minute,280
UPL,5minute,279
INDIACEM,15minute,278
ADANIPORTS,5minute,278
KEI,15minute,276
TATACHEM,5minute,276
PFIZER,5minute,274
ALKEM,1minute,273
COROMANDEL,15minute,272
TORNTPOWER,15minute,272
YESBANK,5minute,272
ANURAS,15minute,271
LTTS,5minute,271
LAURUSLABS,15minute,271
BALKRISIND,5minute,270
EIHOTEL,15minute,270
SUMICHEM,15minute,270
LENSKART,5minute,269
EICHERMOT,1minute,269
URBANCO,15minute,268
BALRAMCHIN,15minute,266
AUBANK,5minute,266
COALINDIA,1minute,265
NATCOPHARM,15minute,265
CDSL,15minute,264
INDIGO,5minute,263
GESHIP,15minute,263
JSWENERGY,15minute,262
AADHARHFC,15minute,262
UTIAMC,15minute,262
CESC,15minute,262
BAJAJHFL,5minute,261
TITAN,1minute,261
JKTYRE,15minute,259
SOLARINDS,15minute,258
TORNTPHARM,1minute,258
GICRE,15minute,258
JSL,15minute,257
GROWW,15minute,256
CARBORUNIV,15minute,256
CAMS,15minute,255
HINDPETRO,15minute,255
ADANIENT,15minute,255
LGEINDIA,1minute,255
JSWSTEEL,1minute,254
SBFC,15minute,254
TMCV,5minute,254
CUB,15minute,253
SAIL,15minute,253
INDIAMART,5minute,253
ESCORTS,5minute,252
UNITDSPR,1minute,252
SRF,5minute,251
ZFCVINDIA,15minute,250
MEESHO,15minute,250
BAJAJ-AUTO,1minute,250
RAMCOCEM,5minute,249
BAJAJHLDNG,15minute,249
HCLTECH,1minute,249
PERSISTENT,15minute,249
PATANJALI,5minute,248
NCC,15minute,248
POWERGRID,1minute,248
ZYDUSLIFE,1minute,247
IRCTC,1minute,246
SUPREMEIND,15minute,246
LEMONTREE,15minute,244
PETRONET,5minute,243
SHYAMMETL,15minute,243
SONACOMS,15minute,242
KIMS,15minute,241
LINDEINDIA,15minute,241
HDFCLIFE,1minute,241
DELHIVERY,15minute,239
MOTHERSON,15minute,239
ENDURANCE,15minute,238
NHPC,5minute,236
EIDPARRY,15minute,236
BANDHANBNK,15minute,236
JSWDULUX,15minute,236
NIVABUPA,15minute,235
CLEAN,15minute,235
3MINDIA,5minute,234
GODREJCP,1minute,234
ASTRAL,5minute,233
HDFCAMC,5minute,233
M&MFIN,15minute,233
RECLTD,15minute,233
TRENT,15minute,233
MUTHOOTFIN,5minute,232
APOLLOTYRE,5minute,231
ICICIGI,1minute,230
IEX,15minute,230
PNB,5minute,229
AMBUJACEM,5minute,229
SHRIRAMFIN,15minute,228
BPCL,5minute,227
VOLTAS,15minute,227
TIMKEN,15minute,227
PFC,15minute,227
NAVINFLUOR,15minute,226
ENRIN,15minute,225
BIKAJI,15minute,225
AARTIIND,15minute,225
VBL,15minute,223
SHREECEM,1minute,222
NTPC,1minute,222
NTPCGREEN,15minute,220
SIEMENS,15minute,220
DALBHARAT,5minute,220
AWL,15minute,219
CHAMBLFERT,15minute,219
AIAENG,5minute,218
SJVN,15minute,218
AAVAS,15minute,218
JSWINFRA,15minute,217
NUVOCO,15minute,217
TATACONSUM,1minute,216
APTUS,15minute,216
INDHOTEL,5minute,216
BRITANNIA,1minute,214
IRB,15minute,214
MAHABANK,15minute,214
IRFC,15minute,214
IDFCFIRSTB,5minute,212
MGL,15minute,210
ANANDRATHI,15minute,210
JIOFIN,5minute,210
GLAXO,15minute,210
ABB,15minute,209
BEL,5minute,209
SBILIFE,1minute,209
BHARATFORG,15minute,209
CYIENT,15minute,208
CANFINHOME,15minute,208
IPCALAB,15minute,207
KARURVYSYA,15minute,206
TRIDENT,15minute,206
CRISIL,15minute,205
PIRAMALFIN,15minute,204
ASTERDM,15minute,204
INDIANB,15minute,203
AUROPHARMA,5minute,203
LICHSGFIN,5minute,203
LTM,5minute,203
HINDZINC,15minute,203
AJANTPHARM,15minute,202
NMDC,15minute,201
CONCOR,5minute,201
NH,15minute,201
GLAND,15minute,201
TENNIND,15minute,201
M&M,5minute,201
BATAINDIA,5minute,200
GILLETTE,15minute,199
CHOICEIN,15minute,198
NAUKRI,15minute,198
STARHEALTH,15minute,197
UNIONBANK,15minute,197
IGL,15minute,197
GAIL,5minute,196
TATAPOWER,5minute,195
HONAUT,5minute,195
FORTIS,15minute,195
DMART,5minute,194
LTF,15minute,194
PVRINOX,15minute,194
OBEROIRLTY,15minute,194
TATACOMM,15minute,193
VEDL,15minute,192
CIEINDIA,15minute,191
LICI,1minute,190
NYKAA,15minute,189
MPHASIS,15minute,189
EXIDEIND,15minute,188
BANKBARODA,5minute,187
GLENMARK,15minute,187
PIIND,5minute,187
MANKIND,15minute,187
ABCAPITAL,15minute,187
ANTHEM,5minute,186
MARICO,1minute,186
NESTLEIND,1minute,186
MEDANTA,15minute,185
HAL,15minute,185
IOB,15minute,184
BIOCON,15minute,184
MARUTI,1minute,184
UCOBANK,15minute,183
MRF,1minute,183
TATAELXSI,15minute,182
JSWCEMENT,5minute,182
GMRAIRPORT,15minute,179
CENTRALBK,15minute,179
APLAPOLLO,15minute,178
PAGEIND,5minute,177
DABUR,1minute,177
LT,1minute,177
ABLBL,15minute,176
BAJFINANCE,5minute,176
UBL,5minute,175
ARE&M,15minute,173
SBIN,1minute,173
SYNGENE,15minute,173
TMPV,5minute,173
JUBLFOOD,15minute,172
TRAVELFOOD,15minute,172
TATACAP,1minute,172
DIVISLAB,5minute,171
CUMMINSIND,15minute,171
TCS,1minute,171
HEROMOTOCO,5minute,171
BANKINDIA,15minute,171
RAINBOW,15minute,170
POLYCAB,15minute,170
KAJARIACER,15minute,169
MSUMI,15minute,169
HINDUNILVR,1minute,169
SUNTV,15minute,169
MFSL,5minute,168
TVSMOTOR,5minute,168
ITCHOTELS,15minute,168
JKCEMENT,15minute,168
THELEELA,15minute,168
SBICARD,5minute,167
CASTROLIND,15minute,167
BLUEDART,15minute,166
CROMPTON,15minute,166
UPL,15minute,165
EMAMILTD,15minute,165
DEEPAKNTR,15minute,165
DLF,15minute,164
SCHAEFFLER,15minute,164
LALPATHLAB,15minute,164
WIPRO,1minute,164
MAXHEALTH,15minute,163
CANBK,15minute,163
INFY,1minute,163
ASHOKLEY,15minute,162
AXISBANK,1minute,162
BAYERCROP,15minute,162
INDUSTOWER,15minute,161
BOSCHLTD,5minute,161
HDBFS,1minute,160
HYUNDAI,15minute,159
CANHLIFE,15minute,159
CIPLA,1minute,158
ATUL,15minute,157
BALKRISIND,15minute,157
HINDALCO,5minute,157
INDUSINDBK,15minute,156
LUPIN,5minute,155
GRASIM,1minute,154
TATATECH,15minute,154
ICICIAMC,5minute,153
ADANIPORTS,15minute,152
CHOLAFIN,15minute,151
BHARTIARTL,1minute,150
JINDALSTEL,15minute,150
BERGEPAINT,5minute,149
ONGC,5minute,148
IOC,5minute,148
LTTS,15minute,147
ESCORTS,15minute,147
BAJAJHFL,15minute,147
TECHM,5minute,147
ICICIPRULI,5minute,146
TATACHEM,15minute,144
ABBOTINDIA,5minute,144
INDIAMART,15minute,143
LENSKART,15minute,142
AUBANK,15minute,141
PATANJALI,15minute,141
SRF,15minute,139
PIDILITIND,1minute,139
HAVELLS,5minute,138
TATASTEEL,5minute,137
INDIGO,15minute,137
ASIANPAINT,1minute,137
ULTRACEMCO,1minute,136
DRREDDY,5minute,133
APOLLOHOSP,1minute,133
YESBANK,15minute,132
ACC,5minute,131
AMBUJACEM,15minute,130
TMCV,15minute,129
HDFCAMC,15minute,129
PFIZER,15minute,129
CONCOR,15minute,129
NHPC,15minute,128
COLPAL,5minute,127
PETRONET,15minute,127
MUTHOOTFIN,15minute,126
RAMCOCEM,15minute,125
RELIANCE,1minute,125
IDFCFIRSTB,15minute,124
DALBHARAT,15minute,124
ALKEM,5minute,123
PNB,15minute,121
FEDERALBNK,5minute,121
ASTRAL,15minute,119
EICHERMOT,5minute,119
APOLLOTYRE,15minute,118
3MINDIA,15minute,118
POWERGRID,5minute,117
JIOFIN,15minute,117
TATAPOWER,15minute,117
BPCL,15minute,117
AIAENG,15minute,115
BAJAJFINSV,5minute,115
TITAN,5minute,115
BAJAJ-AUTO,5minute,114
LGEINDIA,5minute,114
BEL,15minute,113
ZYDUSLIFE,5minute,113
SUNPHARMA,1minute,112
AUROPHARMA,15minute,112
M&M,15minute,112
ITC,1minute,112
COALINDIA,5minute,112
LICHSGFIN,15minute,112
INDHOTEL,15minute,110
PIIND,15minute,110
BATAINDIA,15minute,110
ANTHEM,15minute,107
KOTAKBANK,1minute,106
IRCTC,5minute,105
TMPV,15minute,104
HONAUT,15minute,104
ICICIGI,5minute,103
UNITDSPR,5minute,103
LTM,15minute,103
JSWCEMENT,15minute,102
DMART,15minute,102
ICICIAMC,15minute,101
NTPC,5minute,101
HDFCLIFE,5minute,101
GAIL,15minute,100
SBILIFE,5minute,99
SBICARD,15minute,99
JSWSTEEL,5minute,97
MFSL,15minute,97
BRITANNIA,5minute,96
TATACONSUM,5minute,95
HCLTECH,5minute,95
TORNTPHARM,5minute,95
HEROMOTOCO,15minute,91
SHREECEM,5minute,91
UBL,15minute,90
BANKBARODA,15minute,90
BAJFINANCE,15minute,89
DIVISLAB,15minute,89
ICICIPRULI,15minute,88
MARUTI,5minute,88
BERGEPAINT,15minute,87
GODREJCP,5minute,86
LUPIN,15minute,83
PAGEIND,15minute,82
BOSCHLTD,15minute,82
HINDUNILVR,5minute,81
TVSMOTOR,15minute,81
TCS,5minute,81
NESTLEIND,5minute,79
INFY,5minute,79
HDBFS,5minute,79
ABBOTINDIA,15minute,79
LT,5minute,77
MARICO,5minute,75
TATASTEEL,15minute,75
LICI,5minute,74
TECHM,15minute,73
ONGC,15minute,73
IOC,15minute,71
DRREDDY,15minute,71
SBIN,5minute,71
WIPRO,5minute,70
CIPLA,5minute,70
ACC,15minute,69
MRF,5minute,69
HINDALCO,15minute,68
HDFCBANK,1minute,68
AXISBANK,5minute,68
BHARTIARTL,5minute,68
HAVELLS,15minute,66
TATACAP,5minute,66
FEDERALBNK,15minute,66
EICHERMOT,15minute,65
DABUR,5minute,64
ASIANPAINT,5minute,64
COALINDIA,15minute,63
GRASIM,5minute,63
BAJAJ-AUTO,15minute,62
COLPAL,15minute,62
BAJAJFINSV,15minute,62
LGEINDIA,15minute,61
IRCTC,15minute,61
ICICIBANK,1minute,61
RELIANCE,5minute,59
TITAN,15minute,57
ZYDUSLIFE,15minute,56
HDFCLIFE,15minute,56
HCLTECH,15minute,56
POWERGRID,15minute,56
UNITDSPR,15minute,56
ICICIGI,15minute,56
APOLLOHOSP,5minute,55
ITC,5minute,54
ULTRACEMCO,5minute,54
ALKEM,15minute,54
PIDILITIND,5minute,53
SBILIFE,15minute,53
TORNTPHARM,15minute,52
TATACONSUM,15minute,51
TCS,15minute,51
JSWSTEEL,15minute,50
NTPC,15minute,50
BRITANNIA,15minute,47
SUNPHARMA,5minute,46
NESTLEIND,15minute,45
LT,15minute,44
MARUTI,15minute,43
GODREJCP,15minute,43
HDBFS,15minute,42
SBIN,15minute,42
MARICO,15minute,41
GRASIM,15minute,40
INFY,15minute,40
BHARTIARTL,15minute,40
HINDUNILVR,15minute,39
AXISBANK,15minute,38
KOTAKBANK,5minute,37
SHREECEM,15minute,37
TATACAP,15minute,36
WIPRO,15minute,36
MRF,15minute,36
ASIANPAINT,15minute,35
CIPLA,15minute,35
LICI,15minute,35
DABUR,15minute,34
ULTRACEMCO,15minute,31
ITC,15minute,30
APOLLOHOSP,15minute,29
HDFCBANK,5minute,28
PIDILITIND,15minute,27
RELIANCE,15minute,26
KOTAKBANK,15minute,21
SUNPHARMA,15minute,18
ICICIBANK,5minute,18
HDFCBANK,15minute,13
ICICIBANK,15minute,9
