symbol,n,total_pnl,avg_pnl,win_rate
ITI,73,24.07650478341175,0.32981513401933904,42.465753424657535
TARIL,76,21.98379604307643,0.28926047425100565,39.473684210526315
PGEL,79,19.31534296478209,0.24449801221243153,39.24050632911392
SAREGAMA,59,14.763854448438394,0.2502348211599728,40.67796610169492
PFOCUS,103,14.298387878325231,0.13881929978956536,32.038834951456316
VMM,25,13.606549843116005,0.5442619937246402,56.00000000000001
TRITURBINE,29,13.500000000000162,0.46551724137931594,48.275862068965516
HFCL,22,11.507516235864948,0.5230689198120431,54.54545454545454
HEG,35,10.432706072642455,0.298077316361213,42.857142857142854
LLOYDSME,17,10.101449275362258,0.5942028985507211,58.82352941176471
REDINGTON,26,10.085271066358779,0.3878950410137992,46.15384615384615
ACE,23,10.036087579425077,0.4363516338880468,52.17391304347826
GRSE,45,9.797202588649409,0.21771561308109796,35.55555555555556
NEULANDLAB,65,9.7257365218971,0.14962671572149383,35.38461538461539
BDL,39,9.543739671332084,0.24471127362389958,38.46153846153847
ADANIGREEN,48,9.515443337079704,0.19823840285582717,37.5
RPOWER,88,9.185849509419969,0.104384653516136,30.681818181818183
SIEMENS,10,8.999999999999986,0.8999999999999986,70.0
ZENTEC,58,8.91755325251762,0.15375091814685554,32.758620689655174
GRAVITA,36,8.000000000000032,0.2222222222222231,36.11111111111111
NETWEB,64,7.1629270780216165,0.11192073559408776,31.25
ANANTRAJ,54,6.709004556683063,0.12424082512376043,35.18518518518518
JYOTICNC,28,6.690859930018016,0.23895928321492915,39.285714285714285
POONAWALLA,20,6.641633349992898,0.3320816674996449,45.0
TECHNOE,31,6.554296856864404,0.21142893086659367,35.483870967741936
RRKABEL,23,6.50000000000005,0.28260869565217606,39.130434782608695
POLICYBZR,11,6.500000000000042,0.5909090909090947,54.54545454545454
KEI,15,6.499999999999925,0.43333333333332835,46.666666666666664
JUBLPHARMA,22,6.432983231107347,0.2924083286866976,40.909090909090914
HEXT,13,6.363888407555034,0.48952987750423343,53.84615384615385
PTCIL,30,6.345314111652837,0.2115104703884279,36.666666666666664
360ONE,15,6.215407548474526,0.4143605032316351,46.666666666666664
EMMVEE,19,6.091224351427086,0.3205907553382677,42.10526315789473
DIXON,22,6.089548905761458,0.2767976775346117,40.909090909090914
ABDL,17,6.067472974769728,0.35691017498645455,41.17647058823529
KFINTECH,28,6.000000000000185,0.21428571428572088,35.714285714285715
CLEAN,10,5.959317032040492,0.5959317032040492,60.0
GVT&D,25,5.872811409087311,0.23491245636349245,36.0
SAGILITY,34,5.824739231671292,0.171315859755038,35.294117647058826
VOLTAS,7,5.744416873449133,0.8206309819213047,71.42857142857143
AEGISLOG,51,5.7233822510613885,0.11222318139336056,33.33333333333333
CENTRALBK,6,5.647613580449408,0.9412689300749014,83.33333333333334
SAILIFE,22,5.5478139803456745,0.2521733627429852,40.909090909090914
FLUOROCHEM,12,5.535025784009344,0.4612521486674453,50.0
BSOFT,9,5.500000000000005,0.6111111111111117,55.55555555555556
PWL,57,5.382701582676603,0.09443336109958952,29.82456140350877
WAAREEENER,39,5.359086975872247,0.13741248656082683,33.33333333333333
TEGA,12,5.272430184194914,0.43936918201624287,50.0
BLUESTARCO,16,5.2337171238289555,0.3271073202393097,43.75
POLYMED,26,5.075145755827577,0.19519791368567604,38.46153846153847
AWL,14,5.000000000000021,0.35714285714285865,42.857142857142854
JKTYRE,6,5.000000000000019,0.8333333333333365,66.66666666666666
HBLENGINE,32,4.8641178417742506,0.15200368255544533,34.375
TENNIND,4,4.659946123411029,1.1649865308527572,100.0
KALYANKJIL,42,4.6157953326800145,0.10989988887333368,35.714285714285715
POWERINDIA,32,4.606776325659011,0.1439617601768441,34.375
COHANCE,51,4.500000000000202,0.088235294117651,29.411764705882355
CEMPRO,43,4.500000000000157,0.10465116279070133,30.23255813953488
CDSL,11,4.5000000000000435,0.40909090909091306,45.45454545454545
JSWDULUX,11,4.5000000000000355,0.40909090909091234,45.45454545454545
BELRISE,7,4.499999999999977,0.6428571428571396,57.14285714285714
MRPL,26,4.487263087330273,0.17258704182039514,34.61538461538461
ETERNAL,13,4.442739079102769,0.34174915993098226,46.15384615384615
NLCINDIA,18,4.441933313443171,0.24677407296906503,38.88888888888889
CANHLIFE,12,4.431833674164963,0.3693194728470803,41.66666666666667
HINDCOPPER,30,4.3396783604924565,0.14465594534974854,33.33333333333333
ELGIEQUIP,17,4.210342397701495,0.2476671998647938,47.05882352941176
TORNTPOWER,6,4.096846846846848,0.682807807807808,66.66666666666666
GPIL,12,4.0844815477898315,0.3403734623158193,50.0
AJANTPHARM,17,4.0538234590544295,0.23846020347378996,41.17647058823529
ADANIPOWER,33,4.000000000000168,0.1212121212121263,30.303030303030305
HONASA,16,4.00000000000011,0.2500000000000069,37.5
FIVESTAR,24,4.0000000000000195,0.1666666666666675,33.33333333333333
TRAVELFOOD,4,4.000000000000019,1.0000000000000047,75.0
SYNGENE,8,4.000000000000005,0.5000000000000007,50.0
RITES,12,3.9999999999999893,0.3333333333333324,41.66666666666667
SAIL,4,3.999999999999985,0.9999999999999962,75.0
UTIAMC,4,3.95609862641363,0.9890246566034075,75.0
HINDPETRO,4,3.9290235120821757,0.9822558780205439,75.0
ENDURANCE,5,3.9210318504869646,0.7842063700973929,60.0
GLAXO,16,3.888678329947618,0.24304239562172614,37.5
INOXWIND,20,3.8791531199055393,0.19395765599527698,40.0
AAVAS,7,3.7591614717027424,0.5370230673861061,71.42857142857143
CREDITACC,31,3.7242121745939634,0.12013587659980526,32.25806451612903
GABRIEL,26,3.698271479410442,0.14224121074655546,34.61538461538461
FIRSTCRY,41,3.6656450264697837,0.08940597625536058,29.268292682926827
URBANCO,10,3.6445768486844763,0.36445768486844765,50.0
NIACL,22,3.5598802395210543,0.16181273816004793,36.36363636363637
BAJAJHFL,12,3.5587404909419154,0.29656170757849293,41.66666666666667
GROWW,35,3.517117660410163,0.10048907601171894,31.428571428571427
DEVYANI,13,3.500000000000079,0.2692307692307753,38.46153846153847
SUMICHEM,9,3.5000000000000693,0.3888888888888966,44.44444444444444
TRENT,5,3.499999999999965,0.699999999999993,60.0
ABB,9,3.4999999999999463,0.3888888888888829,44.44444444444444
CAMS,4,3.361530777874886,0.8403826944687215,75.0
BALKRISIND,9,3.357493152697927,0.3730547947442141,55.55555555555556
PFIZER,9,3.3500276819556634,0.3722252979950737,44.44444444444444
SUZLON,17,3.2481619185832833,0.19106834815195783,35.294117647058826
PHOENIXLTD,11,3.242246408952936,0.29474967354117604,45.45454545454545
VTL,16,3.081201550387634,0.19257509689922714,37.5
SWANCORP,47,3.044667398570491,0.06478015741639342,31.914893617021278
WHIRLPOOL,8,3.033823400717603,0.3792279250897004,50.0
MINDACORP,14,3.000000000000055,0.21428571428571822,35.714285714285715
BRIGADE,14,3.0000000000000275,0.21428571428571624,35.714285714285715
STARHEALTH,6,3.000000000000025,0.5000000000000041,50.0
ERIS,18,3.000000000000024,0.166666666666668,33.33333333333333
CESC,2,3.000000000000016,1.500000000000008,100.0
INDUSINDBK,18,3.000000000000014,0.16666666666666746,33.33333333333333
SBICARD,2,3.000000000000008,1.500000000000004,100.0
DALBHARAT,2,3.0000000000000018,1.5000000000000009,100.0
HYUNDAI,6,2.9999999999999973,0.49999999999999956,50.0
GMRAIRPORT,2,2.9999999999999902,1.4999999999999951,100.0
PFC,2,2.9999999999999876,1.4999999999999938,100.0
CANBK,2,2.999999999999985,1.4999999999999925,100.0
INDHOTEL,2,2.999999999999984,1.499999999999992,100.0
NHPC,2,2.9999999999999813,1.4999999999999907,100.0
ACMESOLAR,24,2.9689942678478016,0.1237080944936584,33.33333333333333
EMCURE,19,2.891143290342561,0.15216543633381902,36.84210526315789
PARADEEP,26,2.879857107939469,0.1107637349207488,38.46153846153847
HSCL,19,2.8308017776883228,0.14898956724675383,42.10526315789473
SYRMA,41,2.8240020944242623,0.06887809986400639,31.70731707317073
SARDAEN,17,2.783182192910145,0.1637165995829497,35.294117647058826
YESBANK,4,2.7562805919984217,0.6890701479996054,75.0
ZENSARTECH,12,2.743190661478668,0.228599221789889,41.66666666666667
CPPLUS,29,2.57155228404428,0.08867421669118207,31.03448275862069
GMDCLTD,45,2.5128387658926106,0.05584086146428024,28.888888888888886
KPRMILL,27,2.500000000000154,0.0925925925925983,29.629629629629626
ACUTAAS,47,2.5000000000000737,0.053191489361703696,27.659574468085108
USHAMART,11,2.5000000000000284,0.22727272727272985,36.36363636363637
IRB,11,2.500000000000022,0.2272727272727293,36.36363636363637
BAYERCROP,3,2.500000000000014,0.833333333333338,66.66666666666666
BAJAJHLDNG,3,2.500000000000008,0.833333333333336,66.66666666666666
3MINDIA,3,2.5000000000000075,0.8333333333333358,66.66666666666666
MRF,3,2.500000000000004,0.8333333333333347,66.66666666666666
PAGEIND,3,2.5000000000000018,0.8333333333333339,66.66666666666666
CHENNPETRO,41,2.4325967496786163,0.05933162804094186,29.268292682926827
RVNL,20,2.418200408998058,0.12091002044990291,30.0
BHARTIHEXA,22,2.3960086885692755,0.10890948584405798,31.818181818181817
MSUMI,7,2.339196482110752,0.3341709260158217,42.857142857142854
NAVA,41,2.3285519673052826,0.05679395042208006,29.268292682926827
INDIACEM,21,2.2388321455094067,0.10661105454806699,33.33333333333333
KAYNES,66,2.2367305933746255,0.03388985747537311,27.27272727272727
BLUEJET,38,2.2215331638713174,0.058461399049245195,28.947368421052634
SPLPETRO,40,2.125209586744469,0.053130239668611724,27.500000000000004
RAILTEL,20,2.093812584638351,0.10469062923191755,35.0
KIMS,16,2.0746567989457465,0.12966604993410916,31.25
NH,9,2.074484277340633,0.23049825303784813,44.44444444444444
LINDEINDIA,12,2.000000000000055,0.16666666666667126,33.33333333333333
ABFRL,8,2.0000000000000284,0.25000000000000355,37.5
CUB,4,2.0000000000000266,0.5000000000000067,50.0
SONACOMS,4,2.0000000000000226,0.5000000000000057,50.0
NTPCGREEN,12,2.0000000000000218,0.1666666666666685,33.33333333333333
VEDL,4,2.000000000000014,0.5000000000000036,50.0
ITCHOTELS,4,2.000000000000014,0.5000000000000036,50.0
RKFORGE,8,1.9999999999999902,0.24999999999999878,37.5
OFSS,8,1.9999999999999853,0.24999999999999817,37.5
CRAFTSMAN,23,1.9348742175989981,0.08412496598256514,34.78260869565217
PINELABS,21,1.9180215876486575,0.09133436131660273,28.57142857142857
TMCV,3,1.9138576779026208,0.6379525593008736,66.66666666666666
ABREL,21,1.904967332164807,0.09071273010308605,33.33333333333333
JINDALSTEL,3,1.8246773685867217,0.6082257895289073,66.66666666666666
PIIND,3,1.780234070221044,0.593411356740348,66.66666666666666
CASTROLIND,7,1.7016670813635437,0.2430952973376491,42.857142857142854
UBL,3,1.6850259758172061,0.561675325272402,66.66666666666666
CARBORUNIV,10,1.618497697812032,0.1618497697812032,40.0
BLUEDART,14,1.5772911516381936,0.1126636536884424,35.714285714285715
ATUL,5,1.5008917617652253,0.3001783523530451,60.0
CHOLAHLDNG,13,1.5000000000000884,0.11538461538462218,30.76923076923077
ABSLAMC,10,1.5000000000000715,0.15000000000000716,30.0
AEGISVOPAK,18,1.5000000000000324,0.08333333333333513,27.77777777777778
AMBUJACEM,5,1.5000000000000306,0.30000000000000615,40.0
IOB,5,1.5000000000000282,0.30000000000000565,40.0
PRESTIGE,5,1.500000000000008,0.3000000000000016,40.0
NATCOPHARM,5,1.5000000000000062,0.30000000000000127,40.0
BHARATFORG,9,1.4999999999999987,0.16666666666666652,33.33333333333333
SBIN,1,1.4999999999999953,1.4999999999999953,100.0
CHAMBLFERT,1,1.4999999999999947,1.4999999999999947,100.0
HDFCLIFE,1,1.4999999999999925,1.4999999999999925,100.0
PVRINOX,1,1.4999999999999891,1.4999999999999891,100.0
RBLBANK,1,1.4999999999999885,1.4999999999999885,100.0
NESTLEIND,1,1.4999999999999876,1.4999999999999876,100.0
CYIENT,5,1.4999999999999793,0.2999999999999959,40.0
PERSISTENT,2,1.4448219154368775,0.7224109577184388,50.0
BATAINDIA,6,1.4163979457781293,0.23606632429635488,33.33333333333333
KPITTECH,18,1.4022164276401425,0.07790091264667459,27.77777777777778
WELSPUNLIV,33,1.3079227629170338,0.03963402311869799,30.303030303030305
MAXHEALTH,3,1.2955283174264656,0.4318427724754885,66.66666666666666
BIKAJI,14,1.2201194481482491,0.08715138915344636,35.714285714285715
ABCAPITAL,3,1.162938823877959,0.38764627462598633,66.66666666666666
DEEPAKFERT,35,1.1489549940216985,0.0328272855434771,28.57142857142857
ZEEL,18,1.1417571751912485,0.06343095417729158,33.33333333333333
MEESHO,29,1.129943502824913,0.038963569062928034,27.586206896551722
IIFL,29,1.1293634496920752,0.038943567230761214,27.586206896551722
AIIL,40,1.0792190740559016,0.02698047685139754,27.500000000000004
IRCON,21,1.0785685274607042,0.05136040606955734,28.57142857142857
IREDA,12,1.0375788276646545,0.08646490230538788,33.33333333333333
TTML,42,1.0000000000002693,0.023809523809530223,26.190476190476193
JAINREC,42,1.0000000000001468,0.023809523809527305,26.190476190476193
LTM,2,1.0000000000000178,0.5000000000000089,50.0
ASTRAL,2,1.0000000000000167,0.5000000000000083,50.0
BBTC,6,1.000000000000007,0.16666666666666785,33.33333333333333
PNBHOUSING,14,1.0000000000000053,0.07142857142857181,28.57142857142857
MANKIND,2,1.0000000000000044,0.5000000000000022,50.0
TIINDIA,2,1.000000000000004,0.500000000000002,50.0
DELHIVERY,2,1.000000000000003,0.5000000000000016,50.0
NAM-INDIA,6,1.0,0.16666666666666666,33.33333333333333
JSWENERGY,2,0.9999999999999973,0.49999999999999867,50.0
ONGC,2,0.9999999999999916,0.4999999999999958,50.0
EXIDEIND,2,0.9999999999999853,0.4999999999999927,50.0
DEEPAKNTR,2,0.9999999999999825,0.49999999999999123,50.0
ADANIENT,17,0.9998750856498084,0.05881618150881226,29.411764705882355
SJVN,4,0.9783417486048374,0.24458543715120934,50.0
NEWGEN,79,0.9599358974359463,0.012151087309315776,25.31645569620253
KEC,15,0.9274448664218169,0.06182965776145446,33.33333333333333
CCL,19,0.9263825809372588,0.04875697794406625,31.57894736842105
COALINDIA,1,0.8342245989304765,0.8342245989304765,100.0
UNIONBANK,5,0.8153603366649144,0.16307206733298288,40.0
GRAPHITE,17,0.7734173589230078,0.045495138760176926,29.411764705882355
INDGN,5,0.7725397243438108,0.15450794486876215,40.0
ENRIN,6,0.7715033657442228,0.1285838942907038,33.33333333333333
FINCABLES,19,0.7488037970212662,0.03941072615901401,31.57894736842105
BEL,9,0.7216269407391391,0.08018077119323769,33.33333333333333
GALLANTT,70,0.6888010300729615,0.00984001471532802,27.142857142857142
CIEINDIA,10,0.6763196732056289,0.0676319673205629,30.0
JSL,5,0.6035226013056003,0.12070452026112007,40.0
HONAUT,7,0.5000000000000608,0.07142857142858013,28.57142857142857
NIVABUPA,19,0.5000000000000361,0.02631578947368611,26.31578947368421
JINDALSAW,7,0.5000000000000161,0.07142857142857373,28.57142857142857
JKCEMENT,3,0.500000000000016,0.166666666666672,33.33333333333333
J&KBANK,11,0.5000000000000114,0.0454545454545465,27.27272727272727
CHOLAFIN,3,0.5000000000000075,0.16666666666666918,33.33333333333333
GLAND,8,0.5000000000000062,0.06250000000000078,25.0
LAURUSLABS,3,0.499999999999999,0.16666666666666632,33.33333333333333
BANKBARODA,3,0.4999999999999927,0.16666666666666421,33.33333333333333
AUROPHARMA,3,0.49999999999998745,0.1666666666666625,33.33333333333333
ASHOKLEY,3,0.49999999999998357,0.1666666666666612,33.33333333333333
SHRIRAMFIN,3,0.4999999999999831,0.16666666666666105,33.33333333333333
BANDHANBNK,3,0.49999999999998224,0.16666666666666075,33.33333333333333
PATANJALI,11,0.49999999999998157,0.04545454545454378,27.27272727272727
CANFINHOME,3,0.499999999999976,0.16666666666665866,33.33333333333333
ANTHEM,4,0.42418498862775045,0.10604624715693761,25.0
SBFC,9,0.36952814098922193,0.04105868233213577,33.33333333333333
NATIONALUM,4,0.36107602930033633,0.09026900732508408,25.0
LODHA,9,0.3480325922286647,0.03867028802540719,33.33333333333333
THERMAX,21,0.267231239708398,0.012725297128971334,28.57142857142857
AARTIIND,5,0.24509803921568485,0.04901960784313697,40.0
IGIL,41,0.14622562245287474,0.003566478596411579,26.82926829268293
INTELLECT,23,0.12862424596245142,0.005592358520106583,26.08695652173913
SCI,31,0.12667948063372184,0.004086434859152317,32.25806451612903
LTF,2,0.08315183025364026,0.04157591512682013,50.0
LEMONTREE,6,0.008244193605612793,0.0013740322676021322,33.33333333333333
TBOTEK,24,0.0001368232253466939,5.700967722778912e-06,33.33333333333333
AMBER,60,1.8274270985330077e-13,3.045711830888346e-15,25.0
GILLETTE,12,1.5015766408055242e-13,1.2513138673379368e-14,25.0
KIRLOSENG,32,8.282263763703668e-14,2.588207426157396e-15,25.0
PIRAMALFIN,8,6.961098364399732e-14,8.701372955499664e-15,25.0
COROMANDEL,8,6.350475700855895e-14,7.93809462606987e-15,25.0
ARE&M,8,5.3512749786932545e-14,6.689093723366568e-15,25.0
ACC,4,3.524958103184872e-14,8.81239525796218e-15,25.0
AIAENG,4,3.419486915845482e-14,8.548717289613705e-15,25.0
MPHASIS,4,2.9753977059954195e-14,7.438494264988549e-15,25.0
KPIL,8,2.3037127760971998e-14,2.8796409701214998e-15,25.0
VBL,8,2.2093438190040615e-14,2.761679773755077e-15,25.0
HUDCO,16,1.815214645262131e-14,1.1345091532888318e-15,25.0
OIL,4,4.884981308350689e-15,1.2212453270876722e-15,25.0
COFORGE,1,0.0,0.0,0.0
MFSL,4,-1.687538997430238e-14,-4.218847493575595e-15,25.0
SBILIFE,4,-2.6645352591003757e-14,-6.661338147750939e-15,25.0
TIMKEN,4,-2.6867397195928788e-14,-6.716849298982197e-15,25.0
HAL,4,-2.808864252301646e-14,-7.022160630754115e-15,25.0
ICICIAMC,1,-0.02857959416976279,-0.02857959416976279,0.0
BALRAMCHIN,5,-0.04119241078376645,-0.008238482156753291,40.0
NAUKRI,2,-0.1643284417093388,-0.0821642208546694,50.0
PETRONET,1,-0.1771479185119575,-0.1771479185119575,0.0
SCHAEFFLER,4,-0.19532569926782894,-0.048831424816957236,25.0
ELECON,26,-0.2069655895247967,-0.00796021498172295,26.923076923076923
ONESOURCE,52,-0.20999314239562827,-0.00403832966145439,26.923076923076923
ADANIPORTS,14,-0.2239536954584923,-0.015996692532749452,28.57142857142857
MOTHERSON,2,-0.33747387973066245,-0.16873693986533123,50.0
SAMMAANCAP,19,-0.3705743509047461,-0.01950391320551295,26.31578947368421
AUBANK,2,-0.4050061745986364,-0.2025030872993182,50.0
ENGINERSIN,12,-0.4215177866633323,-0.03512648222194436,25.0
RAMCOCEM,2,-0.4638760950058703,-0.23193804750293515,50.0
POLYCAB,3,-0.4681595521343772,-0.1560531840447924,33.33333333333333
ADANIENSOL,30,-0.49008231677074027,-0.01633607722569134,26.666666666666668
SUPREMEIND,9,-0.49999999999995537,-0.0555555555555506,22.22222222222222
SOBHA,9,-0.4999999999999691,-0.05555555555555212,22.22222222222222
GODREJPROP,1,-0.49999999999998546,-0.49999999999998546,0.0
IDFCFIRSTB,1,-0.4999999999999864,-0.4999999999999864,0.0
BAJAJ-AUTO,1,-0.49999999999998945,-0.49999999999998945,0.0
APLAPOLLO,1,-0.49999999999998995,-0.49999999999998995,0.0
JSWINFRA,1,-0.4999999999999915,-0.4999999999999915,0.0
LTTS,1,-0.49999999999999195,-0.49999999999999195,0.0
APOLLOTYRE,1,-0.49999999999999317,-0.49999999999999317,0.0
CIPLA,1,-0.4999999999999935,-0.4999999999999935,0.0
GLENMARK,1,-0.49999999999999384,-0.49999999999999384,0.0
GESHIP,5,-0.499999999999994,-0.0999999999999988,20.0
BAJAJFINSV,1,-0.4999999999999958,-0.4999999999999958,0.0
ULTRACEMCO,1,-0.49999999999999734,-0.49999999999999734,0.0
JIOFIN,1,-0.4999999999999983,-0.4999999999999983,0.0
LT,1,-0.4999999999999994,-0.4999999999999994,0.0
TATACONSUM,1,-0.5000000000000017,-0.5000000000000017,0.0
PNB,1,-0.5000000000000049,-0.5000000000000049,0.0
NSLNISP,9,-0.5000000000000062,-0.055555555555556246,22.22222222222222
IGL,1,-0.5000000000000077,-0.5000000000000077,0.0
MEDANTA,3,-0.5206816971418171,-0.17356056571393905,33.33333333333333
AFFLE,11,-0.53224850121876,-0.04838622738352363,27.27272727272727
THELEELA,3,-0.558773616924993,-0.18625787230833102,33.33333333333333
CEATLTD,13,-0.6567279908331908,-0.05051753775639929,30.76923076923077
UCOBANK,11,-0.7062279670974523,-0.06420254246340475,27.27272727272727
MOTILALOFS,17,-0.70847966527837,-0.04167527442813941,29.411764705882355
BSE,42,-0.8166378814045746,-0.0194437590810613,23.809523809523807
IFCI,52,-0.8356020093984619,-0.016069269411508883,25.0
ECLERX,20,-0.8367713494636666,-0.04183856747318333,30.0
HOMEFIRST,15,-0.8731464065437988,-0.058209760436253255,26.666666666666668
TATACAP,2,-0.8830911492734339,-0.44154557463671695,0.0
SONATSOFTW,33,-0.9308793831464741,-0.028208466155953762,24.242424242424242
NAVINFLUOR,11,-0.9530791788855506,-0.08664356171686824,27.27272727272727
APTUS,7,-0.9807655318330447,-0.14010936169043495,28.57142857142857
MAHABANK,6,-0.9999999999999463,-0.16666666666665772,16.666666666666664
IPCALAB,6,-0.9999999999999543,-0.16666666666665905,16.666666666666664
M&MFIN,6,-0.9999999999999625,-0.1666666666666604,16.666666666666664
INDIANB,6,-0.999999999999966,-0.166666666666661,16.666666666666664
EMAMILTD,2,-0.999999999999968,-0.499999999999984,0.0
TATATECH,2,-0.9999999999999769,-0.49999999999998845,0.0
TMPV,6,-0.9999999999999858,-0.1666666666666643,16.666666666666664
DLF,2,-0.999999999999986,-0.499999999999993,0.0
TVSMOTOR,2,-0.9999999999999889,-0.49999999999999445,0.0
ITC,2,-0.9999999999999896,-0.4999999999999948,0.0
RECLTD,2,-0.9999999999999949,-0.49999999999999745,0.0
MGL,2,-0.9999999999999952,-0.4999999999999976,0.0
ICICIPRULI,2,-1.0000000000000036,-0.5000000000000018,0.0
UNOMINDA,10,-1.0000000000000067,-0.10000000000000067,20.0
ZFCVINDIA,15,-1.1132930513594734,-0.07421953675729823,20.0
ZYDUSWELL,11,-1.2155805977462006,-0.11050732706783642,18.181818181818183
CONCORDBIO,29,-1.2379401928152294,-0.042687592855697565,24.137931034482758
CRISIL,11,-1.2621806689491137,-0.11474369717719216,18.181818181818183
RAINBOW,3,-1.2635263114551605,-0.4211754371517202,0.0
DOMS,21,-1.2894953030589638,-0.061404538240903035,23.809523809523807
GRANULES,12,-1.3283525622906844,-0.11069604685755703,16.666666666666664
UNITDSPR,4,-1.3336106489184347,-0.3334026622296087,25.0
SOLARINDS,8,-1.3639455782313001,-0.17049319727891252,25.0
FACT,47,-1.3812397998942483,-0.029388080848813794,29.78723404255319
MANAPPURAM,12,-1.3992837958817985,-0.11660698299014988,25.0
RHIM,21,-1.4521148367301469,-0.06914832555857842,23.809523809523807
TATACHEM,3,-1.4999999999999556,-0.4999999999999852,0.0
BHEL,15,-1.4999999999999707,-0.09999999999999805,20.0
NYKAA,3,-1.4999999999999742,-0.4999999999999914,0.0
FORTIS,3,-1.4999999999999778,-0.4999999999999926,0.0
MUTHOOTFIN,3,-1.499999999999994,-0.499999999999998,0.0
INDUSTOWER,3,-1.4999999999999967,-0.4999999999999989,0.0
INDIAMART,3,-1.4999999999999984,-0.4999999999999995,0.0
SHYAMMETL,3,-1.4999999999999998,-0.49999999999999994,0.0
BEML,23,-1.5560576320834354,-0.06765467965580153,26.08695652173913
CGPOWER,16,-1.5977915410316867,-0.09986197131448042,18.75
UPL,8,-1.6135073779795672,-0.2016884222474459,12.5
FORCEMOT,36,-1.6243972431047515,-0.04512214564179865,27.77777777777778
COCHINSHIP,29,-1.625741508208118,-0.05606005200717648,24.137931034482758
JBMA,22,-1.7447506017096204,-0.07930684553225548,22.727272727272727
SIGNATURE,10,-1.767286497136829,-0.1767286497136829,20.0
TRIDENT,13,-1.787177206277295,-0.13747516971363807,30.76923076923077
ANGELONE,29,-1.801986324680368,-0.06213745947173683,24.137931034482758
LENSKART,13,-1.8387096774192422,-0.14143920595532633,23.076923076923077
CUMMINSIND,5,-1.8437114419675522,-0.3687422883935104,20.0
BRITANNIA,4,-1.863157070041391,-0.46578926751034777,0.0
LATENTVIEW,9,-1.8882126443919225,-0.20980140493243582,22.22222222222222
HINDZINC,4,-1.9091653027823274,-0.47729132569558186,0.0
SUNTV,8,-1.9999999999998996,-0.24999999999998745,12.5
TATACOMM,4,-1.999999999999978,-0.4999999999999945,0.0
CONCOR,4,-1.99999999999998,-0.499999999999995,0.0
MCX,9,-1.999999999999994,-0.22222222222222154,11.11111111111111
NBCC,12,-2.0000000000000155,-0.16666666666666796,16.666666666666664
WELCORP,12,-2.0000000000000187,-0.1666666666666682,16.666666666666664
PAYTM,39,-2.047358619525701,-0.052496374859633356,25.64102564102564
DATAPATTNS,51,-2.2313102717300946,-0.0437511817986293,23.52941176470588
NUVOCO,13,-2.2367671095954997,-0.17205900843042304,23.076923076923077
MAZDOCK,42,-2.2779203103561017,-0.05423619786562147,26.190476190476193
LALPATHLAB,13,-2.3478486307061197,-0.18060374082354766,23.076923076923077
MMTC,13,-2.3536246526899953,-0.18104805020692272,15.384615384615385
AFCONS,17,-2.4999999999998814,-0.1470588235294048,17.647058823529413
KAJARIACER,5,-2.4999999999999316,-0.49999999999998634,0.0
ANANDRATHI,5,-2.499999999999937,-0.4999999999999874,0.0
ESCORTS,5,-2.4999999999999956,-0.4999999999999991,0.0
GICRE,15,-2.5315845824411003,-0.16877230549607336,20.0
WOCKPHARMA,60,-2.7279428402201424,-0.04546571400366904,26.666666666666668
GODFRYPHLP,119,-2.736825551339395,-0.022998534044868867,26.05042016806723
SWIGGY,32,-2.766873121306843,-0.08646478504083885,25.0
LTFOODS,16,-2.862891691587504,-0.178930730724219,18.75
ASTERDM,10,-2.9999999999999383,-0.2999999999999938,10.0
TATAELXSI,6,-2.999999999999942,-0.4999999999999903,0.0
AADHARHFC,10,-2.9999999999999654,-0.29999999999999655,10.0
NCC,6,-2.99999999999998,-0.49999999999999667,0.0
IDBI,23,-3.1628664495112355,-0.13751593258744502,17.391304347826086
APARINDS,35,-3.1730936743921476,-0.09065981926834707,22.857142857142858
NUVAMA,17,-3.18625678119349,-0.18742686948197002,17.647058823529413
ABLBL,8,-3.374055415617121,-0.4217569269521401,12.5
ATGL,45,-3.437036675634349,-0.07637859279187442,22.22222222222222
SUNDARMFIN,7,-3.4999999999999583,-0.49999999999999406,0.0
IKS,24,-3.628589798542551,-0.15119124160593964,16.666666666666664
IRFC,12,-3.690355329949242,-0.3075296108291035,8.333333333333332
PCBL,20,-3.902542748756699,-0.19512713743783494,20.0
EIHOTEL,19,-3.9337101747173078,-0.2070373776167004,15.789473684210526
OLECTRA,28,-3.9999999999997975,-0.14285714285713563,17.857142857142858
CHALET,12,-3.9999999999999862,-0.3333333333333322,8.333333333333332
IEX,20,-3.9999999999999925,-0.19999999999999962,15.0
IDEA,78,-4.162706369342234,-0.05336803037618249,23.076923076923077
ASAHIINDIA,23,-4.166026338815799,-0.181131579948513,17.391304347826086
CGCL,34,-4.192089057318577,-0.12329673697995813,20.588235294117645
DCMSHRIRAM,31,-4.3588498154263124,-0.14060805856213912,19.35483870967742
JUBLINGREA,25,-4.499999999999954,-0.17999999999999816,16.0
SAPPHIRE,39,-4.62645914396867,-0.11862715753765822,20.51282051282051
TATAINVEST,42,-5.251870324189256,-0.12504453152831563,19.047619047619047
ANURAS,23,-5.478249011556636,-0.23818473963289719,21.73913043478261
GODREJIND,30,-5.4783472716732105,-0.18261157572244036,16.666666666666664
JMFINANCIL,29,-5.526687956204216,-0.19057544676566263,17.24137931034483
TITAGARH,21,-5.748226138704404,-0.27372505422401927,14.285714285714285
PPLPHARMA,37,-5.780614280015692,-0.15623281837880248,18.91891891891892
TEJASNET,45,-5.814333457110747,-0.1292074101580166,20.0
CAPLIPOINT,12,-5.999999999999907,-0.49999999999999223,0.0
VIJAYA,36,-6.0553313669442606,-0.168203649081785,16.666666666666664
GODIGIT,25,-6.097640358014548,-0.24390561432058191,12.0
RADICO,25,-6.462565117984128,-0.2585026047193651,16.0
JPPOWER,76,-6.840510366825771,-0.09000671535297067,21.052631578947366
ATHERENERG,36,-7.019086263901263,-0.19497461844170175,16.666666666666664
MAPMYINDIA,32,-7.387319060414141,-0.2308537206379419,15.625
CARTRADE,87,-7.615339147360828,-0.08753263387771067,22.988505747126435
PREMIERENE,69,-7.734936445018478,-0.1121005281886736,21.73913043478261
SCHNEIDER,37,-8.136413511121805,-0.21990306786815692,16.216216216216218
FSL,45,-9.179926239691945,-0.2039983608820432,17.77777777777778
BLS,52,-11.084533104714541,-0.21316409816758733,19.230769230769234
JWL,63,-12.192549148633136,-0.19353252616877994,15.873015873015872
OLAELEC,119,-20.55364294129979,-0.17271968858235115,17.647058823529413
